filename,text
captcha_20260512172052.png,VSBFM
captcha_20260512172259.png,ZYNEY
captcha_20260512172439.png,HRLYN
captcha_20260512172641.png,WIQBU
captcha_20260512172644.png,LTYFK
captcha_20260512172914.png,UGGSS
captcha_20260512173129.png,CRKCC
captcha_20260512173240.png,SZQYI
captcha_20260521172641.png,IEGNI
captcha_20260521172645.png,JDCRH
captcha_20260521173441.png,EZXHD
captcha_20260531161654.png,XLYPP
captcha_20260531163723.png,DEQLD
captcha_20260601175043.png,DQGDD
captcha_20260603213052.png,NMVZM
captcha_20260604000236.png,UCBKL
captcha_20260604180051.png,JNTJG
captcha_20260604205237.png,QMKUB
captcha_20260604211639.png,JYSKU
captcha_20260604211648.png,UPLXD
captcha_20260604211842.png,PXCMS
captcha_20260604211844.png,IWQWQ
captcha_20260604212049.png,HZRTI
captcha_20260604212235.png,CCKBR
captcha_20260604212241.png,ZGJQD
captcha_20260604212438.png,DHWFR
captcha_20260604212440.png,QKLGL
captcha_20260604212634.png,RPVEN
captcha_20260604212635.png,RXZNQ
captcha_20260604212835.png,GCRKE
captcha_20260604213038.png,UHCKD
captcha_20260604213240.png,GUDYE
captcha_20260604213243.png,SEFGX
captcha_20260604213440.png,QZQDQ
captcha_20260604213441.png,HGBUJ
captcha_20260604213635.png,KHUEC
captcha_20260604213636.png,LMKCR
captcha_20260604214042.png,YVYLF
captcha_20260604214247.png,RXEXT
captcha_20260604214451.png,VMDPW
captcha_20260604214452.png,HMIKS
captcha_20260604214852.png,MTPNV
captcha_20260604214855.png,VMHUP
captcha_20260604215057.png,GUBTV
captcha_20260604215104.png,WNURI
captcha_20260604215238.png,WBFCT
captcha_20260604215243.png,VNWFX
captcha_20260604215439.png,KSTVJ
captcha_20260604215638.png,ZKTMF
captcha_20260604215640.png,CBCHZ
captcha_20260604215839.png,ECXED
captcha_20260604220057.png,BJNWE
captcha_20260604220102.png,SYWRO
captcha_20260604220241.png,PSQXK
captcha_20260604220242.png,BVWVS
captcha_20260604235437.png,SDLTH
captcha_20260605112636.png,RVEUT
captcha_20260605112836.png,BLBSX
captcha_20260605113040.png,YKDIC
captcha_20260605113237.png,YDJWI
captcha_20260605113436.png,JGRBB
captcha_20260608085836.png,THUFM
captcha_20260612031425.png,XQFIB
captcha_20260615030631.png,XXMGI
captcha_20260617141231.png,YXJIP
captcha_20260621000431.png,TRMUG
captcha_20260622031426.png,CTTQN
captcha_20260624000230.png,GVULL
captcha_20260624000436.png,RMMMB
captcha_20260625230829.png,PSZBU
captcha_20260626000038.png,FIVJR
captcha_20260626000042.png,EGEZD
captcha_20260626000230.png,PCVTO
captcha_20260626000232.png,GENZW
captcha_20260626000429.png,PSBUF
captcha_20260626000433.png,QHGFJ
captcha_20260626011832.png,WZJJC
captcha_20260626144628.png,CEERW
captcha_20260628000045.png,LZMKR
captcha_20260628023037.png,BKMSH
captcha_20260628024229.png,KRUYC
captcha_20260629122837.png,UEULN
captcha_20260629123039.png,SPNQI
captcha_20260629123046.png,ZLWLM
captcha_20260629143834.png,PWWWD
captcha_20260629143835.png,SMBZL
captcha_20260629152232.png,BHIKG
captcha_20260629203044.png,REVWQ
captcha_20260629223236.png,JQNBC
captcha_20260630000046.png,UEWZG
captcha_20260630173255.png,RZBZX
captcha_20260630210433.png,HFGBC
captcha_20260701053239.png,XVPHI
captcha_20260701133048.png,TQWIF
captcha_20260701160513.png,NZEBU
captcha_20260701220045.png,BCPUS
captcha_20260702121437.png,TITCO
captcha_20260702121440.png,TPKKD
captcha_20260702121641.png,LKLLG
captcha_20260702121643.png,NXBFJ
captcha_20260702122040.png,MBUMT
captcha_20260702122041.png,TLXMH
captcha_20260702122236.png,XUEJZ
captcha_20260702124038.png,TVFJQ
captcha_20260702124039.png,LGZZY
captcha_20260702124241.png,HSKYD
captcha_20260702124434.png,FUSYH
captcha_20260702124435.png,SCGKW
captcha_20260702124639.png,MZFHZ
captcha_20260702124640.png,XTRCK
captcha_20260702124836.png,IWGKH
captcha_20260702124838.png,UFVCH
captcha_20260702125043.png,FJNLT
captcha_20260702125238.png,UKPRY
captcha_20260702125834.png,XDPDM
captcha_20260702125839.png,LBGPP
captcha_20260702130040.png,RRSMS
captcha_20260702130041.png,TDSKL
captcha_20260702130436.png,YBGTF
captcha_20260702130438.png,XNCRT
captcha_20260702130635.png,LGTGL
captcha_20260702131236.png,WNXXW
captcha_20260702131637.png,MFFUR
captcha_20260702132037.png,CCEIH
captcha_20260702132039.png,SXGNU
captcha_20260702132440.png,FGEQL
captcha_20260702132638.png,HZZIW
captcha_20260702132639.png,FRGGL
captcha_20260702133038.png,BFSGI
captcha_20260702133236.png,CQMUN
captcha_20260702133840.png,KMYCI
captcha_20260702133841.png,PYEIY
captcha_20260702135839.png,KMKUF
captcha_20260702135840.png,TPFML
captcha_20260702140040.png,TWWHY
captcha_20260702140041.png,SEUIF
captcha_20260702140435.png,KKUYS
captcha_20260702140845.png,XKCGE
captcha_20260702141643.png,DERYD
captcha_20260702142238.png,IHIFY
captcha_20260702143043.png,RGDWR
captcha_20260702143044.png,GECGN
captcha_20260702145838.png,FMJRU
captcha_20260702145840.png,MPSDK
captcha_20260702150052.png,WLLET
captcha_20260702153043.png,GWZQR
captcha_20260702155837.png,LBLQS
captcha_20260702155838.png,RUHYU
captcha_20260702170059.png,VQCVS
captcha_20260702170653.png,CNWXS
captcha_20260702170655.png,TQPFT
captcha_20260702170857.png,VBLJK
captcha_20260704043435.png,CNXIY
captcha_20260704043438.png,WRSPV
captcha_20260708000045.png,BEKUE
captcha_20260708095040.png,VBSVM
captcha_20260708095233.png,RRZNZ
captcha_20260708095440.png,YLCKH
captcha_20260708095632.png,BKBRJ
captcha_20260708095832.png,EJKZW
captcha_20260708100038.png,ZLXVB
captcha_20260708100237.png,PCETM
captcha_20260708100545.png,YTLCI
captcha_20260708101040.png,BJXBZ
captcha_20260708101440.png,KQEJD
captcha_20260708101834.png,IWZTM
captcha_20260708102237.png,ZPGSN
captcha_20260708102408.png,YKZCK
captcha_20260708102541.png,DCYDB
captcha_20260708102837.png,VJVPI
captcha_20260708103048.png,DCDLK
captcha_20260708103244.png,ZQQWQ
captcha_20260708103440.png,MFFWM
captcha_20260708110052.png,HDGPJ
captcha_20260708110235.png,UPHNY
captcha_20260708110434.png,YYJKC
captcha_20260708110634.png,YUPWQ
captcha_20260708110843.png,LKZDW
captcha_20260708111046.png,PJMTD
captcha_20260708111238.png,YZDTI
captcha_20260708111448.png,XJBMC
captcha_20260708111638.png,KBUDP
captcha_20260708111841.png,VDIFM
captcha_20260708112051.png,LIMSW
captcha_20260708112242.png,DESTS
captcha_20260708112443.png,YZVWP
captcha_20260708112641.png,HYSWN
captcha_20260708112841.png,FIELZ
captcha_20260708113048.png,XHNVR
captcha_20260708113253.png,NIVFQ
captcha_20260708113445.png,YCKDU
captcha_20260708113639.png,MLQVC
captcha_20260708113841.png,PVNPC
captcha_20260708114049.png,ZLTXF
captcha_20260708115045.png,BDKGL
captcha_20260708115238.png,DFHNT
captcha_20260708115439.png,QTVYY
captcha_20260708115643.png,RRLSB
captcha_20260708115839.png,MSCVL
captcha_20260708120052.png,NXCIQ
captcha_20260708120246.png,NSHTD
captcha_20260708121049.png,EQCWM
captcha_20260708121244.png,KELYB
captcha_20260708122050.png,BWDCC
captcha_20260708122248.png,EIKYJ
captcha_20260708123126.png,DWWJC
captcha_20260708123246.png,PTLJW
captcha_20260708124049.png,UZKFR
captcha_20260708124239.png,EYGHD
captcha_20260708124439.png,FHPWY
captcha_20260708125244.png,GWBUI
captcha_20260708125443.png,GNUWN
captcha_20260708130247.png,WJEIK
captcha_20260708130453.png,GYLDP
captcha_20260708130655.png,XGEGP
captcha_20260708130856.png,BIPLY
captcha_20260708131109.png,KFJTW
captcha_20260708131318.png,CMVWK
captcha_20260708131522.png,DMHTO
captcha_20260708131733.png,IBTXD
captcha_20260708131941.png,ZYPIZ
captcha_20260708132136.png,DTMXZ
captcha_20260708132303.png,PUVLT
captcha_20260708132513.png,UHJPF
captcha_20260708132659.png,NMYHM
captcha_20260708132858.png,YURRL
captcha_20260708133058.png,RJEBS
captcha_20260708133308.png,CDYPJ
captcha_20260708133457.png,LMCCC
captcha_20260708133710.png,VKFVF
captcha_20260708133905.png,HEEYQ
captcha_20260708134106.png,CYWQF
captcha_20260708134245.png,HBTCE
captcha_20260708134442.png,FBUBV
captcha_20260708134652.png,VNZFM
captcha_20260708134916.png,XTLFZ
captcha_20260708135049.png,LGIRL
captcha_20260708135247.png,XJHMN
captcha_20260708135443.png,EHCTX
captcha_20260708135641.png,BWPRU
captcha_20260708135855.png,PBHBQ
captcha_20260708140048.png,RYZUJ
captcha_20260708140251.png,ZXENE
captcha_20260708141237.png,GWKIX
captcha_20260708141435.png,BSTLE
captcha_20260708141637.png,HJVGF
captcha_20260708151435.png,PNCDP
captcha_20260708151651.png,BKKDW
captcha_20260708151843.png,NJZQP
captcha_20260708152056.png,WLTQM
captcha_20260708152245.png,BYLCF
captcha_20260708152446.png,PXDHS
captcha_20260708152712.png,DTCBL
captcha_20260708152856.png,XNFFM
captcha_20260708154504.png,FCGPF
captcha_20260708154642.png,RIICX
captcha_20260708154848.png,YWLJY
captcha_20260708155058.png,FFYLY
captcha_20260708155258.png,HPCLG
captcha_20260708155458.png,PTHYG
captcha_20260708155651.png,ZHDMR
captcha_20260708155853.png,ESMTN
captcha_20260708160328.png,SITZF
captcha_20260708160538.png,ISVJF
captcha_20260708160722.png,UUDIK
captcha_20260708160927.png,TICEF
captcha_20260708161125.png,GCDVJ
captcha_20260708161429.png,UUMWC
captcha_20260708161705.png,RVLCR
captcha_20260708161919.png,PGTPF
captcha_20260708162147.png,EFUYJ
captcha_20260708162424.png,WXBZJ
captcha_20260708162612.png,MCUSH
captcha_20260708162844.png,LYLBG
captcha_20260708163339.png,GEVLL
captcha_20260708163642.png,VRXKF
captcha_20260708163825.png,ZMMMZ
captcha_20260708164056.png,IUZBD
captcha_20260708164259.png,JEPCS
captcha_20260708164624.png,FSVMS
captcha_20260708164950.png,SHZIR
captcha_20260708165139.png,TMSFR
captcha_20260708165335.png,QZBHV
captcha_20260708165547.png,IECEB
captcha_20260708165855.png,ZDXQJ
captcha_20260708165901.png,WJSUP
captcha_20260708170050.png,WNIYN
captcha_20260708170238.png,JIVDJ
captcha_20260708170539.png,DNFRC
captcha_20260708170835.png,KSWDC
captcha_20260708171008.png,DRRJG
captcha_20260708171424.png,ZWTCJ
captcha_20260708171811.png,BKIFH
captcha_20260708171958.png,RIMNU
captcha_20260708172237.png,HSMXC
captcha_20260708173532.png,RIGSJ
captcha_20260708173752.png,VUTNK
captcha_20260708173959.png,FFHTO
captcha_20260708174145.png,IFRNK
captcha_20260708174347.png,JWKUJ
captcha_20260708174608.png,MWGTJ
captcha_20260708174856.png,QHCCJ
captcha_20260708175058.png,LTHDC
captcha_20260708175339.png,WYLYR
captcha_20260708175616.png,PVVIR
captcha_20260708175822.png,RXWCC
captcha_20260708180037.png,LJWQH
captcha_20260708180236.png,TRCPJ
captcha_20260708180539.png,YLUDK
captcha_20260708180734.png,BUFIY
captcha_20260708180922.png,JSYVF
captcha_20260708181204.png,SMZRD
captcha_20260708181357.png,BVQPW
captcha_20260708182354.png,BXPHD
captcha_20260708182646.png,BKGSK
captcha_20260708182835.png,XEHJQ
captcha_20260708183048.png,MJMUP
captcha_20260708183241.png,WGZIQ
captcha_20260708183447.png,CVWTZ
captcha_20260708183645.png,VLWQR
captcha_20260708183842.png,GCVMJ
captcha_20260708184051.png,ZUZLK
captcha_20260708185041.png,JMRXQ
captcha_20260708185237.png,BYVPC
captcha_20260708185454.png,NQSSJ
captcha_20260708185645.png,BSWGX
captcha_20260708185848.png,KGZXX
captcha_20260708190049.png,FRRTU
captcha_20260708190256.png,EJIUC
captcha_20260708190441.png,SETFP
captcha_20260708190643.png,QEGGE
captcha_20260708190846.png,JPDGM
captcha_20260708191052.png,SKHHN
captcha_20260708191245.png,EQWPM
captcha_20260708191441.png,LUJRI
captcha_20260708191646.png,FJCFM
captcha_20260708191852.png,HJYUD
captcha_20260708192051.png,DWUIC
captcha_20260708192243.png,WZPIR
captcha_20260708192447.png,BQIDC
captcha_20260708192646.png,VURNC
captcha_20260708192842.png,QWYCD
captcha_20260708193043.png,GHVPW
captcha_20260708193236.png,YZRIJ
captcha_20260708193444.png,GSUMR
captcha_20260708193640.png,FFKIM
captcha_20260708193839.png,TZTLU
captcha_20260708194104.png,DDRHC
captcha_20260708194242.png,FSEDT
captcha_20260708194447.png,ZIIIX
captcha_20260708195435.png,MRKZL
captcha_20260708195640.png,THGCR
captcha_20260708200637.png,JYYXM
captcha_20260708200839.png,TBZZC
captcha_20260708201049.png,XIVRX
captcha_20260708201244.png,MVXCY
captcha_20260708201454.png,CZPUZ
captcha_20260708201652.png,KKQFL
captcha_20260708201852.png,DGBQY
captcha_20260708202056.png,BZLDK
captcha_20260708202247.png,UFQYU
captcha_20260708202456.png,YWTXE
captcha_20260708202653.png,IHPHL
captcha_20260708202904.png,LHBSP
captcha_20260708203122.png,IBRCW
captcha_20260708203252.png,QZVXC
captcha_20260708203453.png,ZLZSW
captcha_20260708203653.png,KTIYF
captcha_20260708203852.png,MRVCF
captcha_20260708204047.png,HKCGT
captcha_20260708204241.png,YMBJV
captcha_20260708204446.png,MFSCM
captcha_20260708204648.png,QTHYZ
captcha_20260708204849.png,VSVJE
captcha_20260708205056.png,MBZFR
captcha_20260708205253.png,CGDYX
captcha_20260708205506.png,BWZXN
captcha_20260708205656.png,RQQQN
captcha_20260708205907.png,VJPBV
captcha_20260708210121.png,FCMEQ
captcha_20260708210303.png,RHNYD
captcha_20260708210456.png,CYHWX
captcha_20260708210704.png,CKYJK
captcha_20260708211639.png,ZKCTT
captcha_20260708211849.png,PSQRV
captcha_20260708212051.png,TYLXN
captcha_20260708212243.png,JTZRY
captcha_20260708212445.png,DSJZD
captcha_20260708212645.png,ILITI
captcha_20260708212846.png,NKLLK
captcha_20260708213054.png,HQCWM
captcha_20260708213248.png,DBTXL
captcha_20260708213443.png,XGQVB
captcha_20260708213641.png,JJVTX
captcha_20260708213848.png,ZYVMZ
captcha_20260708214107.png,ZBYXK
captcha_20260708214254.png,SUDKJ
captcha_20260708214445.png,YXPPC
captcha_20260708214644.png,ZFWVP
captcha_20260708214850.png,LXWTI
captcha_20260708215834.png,FHKXL
captcha_20260708220044.png,HBFJL
captcha_20260708220235.png,WDKZV
captcha_20260708220434.png,MEGHH
captcha_20260708220641.png,YDQED
captcha_20260708220838.png,ESTBC
captcha_20260708221050.png,TXFDM
captcha_20260708221248.png,QLEYF
captcha_20260708221439.png,ZYUGU
captcha_20260708221643.png,JVHMV
captcha_20260708221845.png,PGFCC
captcha_20260708222048.png,MYITQ
captcha_20260708222242.png,BXJSF
captcha_20260708223041.png,QUFJI
captcha_20260708223233.png,VBHHV
captcha_20260708223432.png,CWCXE
captcha_20260708223634.png,LLVGP
captcha_20260708223841.png,TLZUF
captcha_20260708224038.png,WHFND
captcha_20260708224238.png,LLSCN
captcha_20260708224446.png,UTSEF
captcha_20260708233041.png,KLLSM
captcha_20260708233239.png,KQVXY
captcha_20260708233440.png,IMDGF
captcha_20260708233639.png,GNLBJ
captcha_20260708234439.png,RZFZK
captcha_20260708234639.png,TFBKG
captcha_20260708234838.png,PTWWP
captcha_20260708235048.png,GNTPS
captcha_20260708235238.png,TENRE
captcha_20260708235435.png,XIPRI
captcha_20260708235640.png,LYKDT
captcha_20260708235842.png,MZKKM
captcha_20260709000047.png,DQVVR
captcha_20260709000251.png,XHJZV
captcha_20260709000443.png,BGMFT
captcha_20260709000646.png,CQRUR
captcha_20260709000841.png,LHTYN
captcha_20260709001042.png,IDWKG
captcha_20260709001249.png,GEGHW
captcha_20260709001439.png,ZVNMR
captcha_20260709001643.png,DHRJV
captcha_20260709001844.png,LYCJY
captcha_20260709002040.png,KTFZI
captcha_20260709002237.png,VBYQQ
captcha_20260709002437.png,KEZPG
captcha_20260709002638.png,BBRKN
captcha_20260709002843.png,HKIFP
captcha_20260709003056.png,HMSVI
captcha_20260709003250.png,VSCPP
captcha_20260709003443.png,SHGRN
captcha_20260709003642.png,CIETD
captcha_20260709003842.png,SLNQI
captcha_20260709004051.png,SMYKY
captcha_20260709004250.png,WVPTX
captcha_20260709004449.png,ZMLPF
captcha_20260709004648.png,UILBW
captcha_20260709004845.png,JEIPD
captcha_20260709005047.png,BEWEB
captcha_20260709005244.png,TQLZN
captcha_20260709005440.png,GXKUF
captcha_20260709005639.png,YCFZL
captcha_20260709005838.png,KELTI
captcha_20260709010054.png,PTRQY
captcha_20260709010250.png,JCEVM
captcha_20260709010445.png,CRKZU
captcha_20260709010645.png,PRTNR
captcha_20260709010846.png,VPQPJ
captcha_20260709011052.png,FQHZS
captcha_20260709011249.png,FWDLC
captcha_20260709011449.png,HWHYP
captcha_20260709011647.png,HRVKH
captcha_20260709011841.png,JIXLE
captcha_20260709012047.png,QWCFU
captcha_20260709012238.png,PJQLJ
captcha_20260709012436.png,KWGLZ
captcha_20260709012639.png,QZIJQ
captcha_20260709012838.png,LFHMC
captcha_20260709013048.png,PRNTP
captcha_20260709013249.png,ZLYTZ
captcha_20260709013444.png,IGULT
captcha_20260709013643.png,RJVRV
captcha_20260709013841.png,LEQJY
captcha_20260709014046.png,YSHRB
captcha_20260709014239.png,DLMBX
captcha_20260709014438.png,TEQBL
captcha_20260709014645.png,YTTUH
captcha_20260709014844.png,XBNRN
captcha_20260709015102.png,KNPWW
captcha_20260709015242.png,XCZDG
captcha_20260709015439.png,BYCEE
captcha_20260709015646.png,KTQDK
captcha_20260709015841.png,PURFP
captcha_20260709020126.png,HWBKV
captcha_20260709020253.png,RYRQJ
captcha_20260709020443.png,UXDFN
captcha_20260709020706.png,JRHFW
captcha_20260709020842.png,RGSUJ
captcha_20260709021116.png,HJVVP
captcha_20260709021445.png,JJJMZ
captcha_20260709021643.png,BTQEV
captcha_20260709021845.png,DCUKK
captcha_20260709022848.png,EBCMV
captcha_20260709023103.png,KJMLK
captcha_20260709023241.png,KHRCV
captcha_20260709023449.png,LBGIK
captcha_20260709023654.png,DQQER
captcha_20260709023848.png,EZCXX
captcha_20260709024101.png,MINUX
captcha_20260709024248.png,UXYIU
captcha_20260709024456.png,UCFIT
captcha_20260709024704.png,HRUVS
captcha_20260709024852.png,PSMBN
captcha_20260709025057.png,YJKTI
captcha_20260709025254.png,XSWXG
captcha_20260709025507.png,JMJLZ
captcha_20260709025658.png,HDPWW
captcha_20260709025853.png,CHHLJ
captcha_20260709030055.png,UMXHD
captcha_20260709030249.png,NSZIQ
captcha_20260709030652.png,UKSEL
captcha_20260709030836.png,WUPVW
captcha_20260709031042.png,CGDCS
captcha_20260709031244.png,BITSG
captcha_20260709031434.png,QTGLL
captcha_20260709031639.png,RICDU
captcha_20260709031844.png,LFIFC
captcha_20260709032100.png,NWTGU
captcha_20260709032541.png,HISHU
captcha_20260709032830.png,ZSNFZ
captcha_20260709033119.png,ESUSC
captcha_20260709033319.png,KYXVC
captcha_20260709033524.png,ESEKN
captcha_20260709033823.png,TVDVD
captcha_20260709033953.png,CIDBT
captcha_20260709034216.png,ZJEKX
captcha_20260709034408.png,EZSFM
captcha_20260709035441.png,QJBFQ
captcha_20260709035442.png,XFGDI
captcha_20260709035448.png,HSBHK
captcha_20260709035603.png,MVRRU
captcha_20260709035740.png,NVWIZ
captcha_20260709035937.png,VBWIZ
captcha_20260709040248.png,SDTTH
captcha_20260709040456.png,KWHNB
captcha_20260709040652.png,XQBZD
captcha_20260709040847.png,QWWIR
captcha_20260709041046.png,TIQGP
captcha_20260709041241.png,YIUKX
captcha_20260709041438.png,JNPRE
captcha_20260709042433.png,KEJSR
captcha_20260709042640.png,RKVDN
captcha_20260709042839.png,PQTRY
captcha_20260709043044.png,IYWZU
captcha_20260709043251.png,SZQDB
captcha_20260709043440.png,VYUPX
captcha_20260709043641.png,GFZTZ
captcha_20260709043845.png,NCJKM
captcha_20260709044841.png,VXMHS
captcha_20260709045044.png,RMGCU
captcha_20260709045250.png,QUUMQ
captcha_20260709045449.png,JPTJM
captcha_20260709045658.png,IKSSW
captcha_20260709045842.png,DVXCF
captcha_20260709050042.png,VEUSQ
captcha_20260709050248.png,LRKQE
captcha_20260709050445.png,RRXKJ
captcha_20260709050647.png,KCSEC
captcha_20260709050838.png,HRLTG
captcha_20260709051042.png,UXBFX
captcha_20260709051235.png,KJWMR
captcha_20260709051445.png,WQWQU
captcha_20260709051702.png,UYXBM
captcha_20260709051850.png,HDXQU
captcha_20260709052109.png,IHXZK
captcha_20260709052242.png,ZMICE
captcha_20260709052437.png,IHWVI
captcha_20260709052643.png,EKQXB
captcha_20260709052838.png,VZHYP
captcha_20260709053055.png,QTLQV
captcha_20260709053239.png,SLVLC
captcha_20260709053440.png,ZSVFP
captcha_20260709053651.png,HCYGT
captcha_20260709053859.png,YNZYL
captcha_20260709054057.png,XJLTK
captcha_20260709054245.png,TJTQP
captcha_20260709054438.png,QKCPD
captcha_20260709054642.png,KJSJZ
captcha_20260709054844.png,FMDQP
captcha_20260709055046.png,XEQRS
captcha_20260709055242.png,QJDTJ
captcha_20260709055452.png,XMCIF
captcha_20260709060237.png,NDCUU
captcha_20260709060437.png,IXLSJ
captcha_20260709060640.png,JGILV
captcha_20260709060843.png,ULGVK
captcha_20260709081042.png,CVDXW
captcha_20260709081236.png,JFQUP
captcha_20260709081438.png,HXQMB
captcha_20260709081636.png,NTPCH
captcha_20260709081849.png,IHXSX
captcha_20260709082047.png,HUBSS
captcha_20260709082246.png,ZTTVP
captcha_20260709082441.png,WNZGP
captcha_20260709082643.png,LECBU
captcha_20260709082842.png,MMFHO
captcha_20260709083043.png,GTLDW
captcha_20260709083239.png,KZHQS
captcha_20260709083439.png,JMCDV
captcha_20260709083650.png,HGRWI
captcha_20260709083845.png,WLITP
captcha_20260709084041.png,ZWWHU
captcha_20260709084235.png,BYRFK
captcha_20260709084433.png,XVCDI
captcha_20260709084645.png,RHQKS
captcha_20260709084845.png,XUIVW
captcha_20260709085046.png,IQXSS
captcha_20260709085235.png,QYBTC
captcha_20260709085436.png,CWPKK
captcha_20260709085639.png,JEDWE
captcha_20260709085836.png,EWPPS
captcha_20260709090834.png,KJMWL
captcha_20260709091035.png,VBVVV
captcha_20260709091239.png,CBILZ
captcha_20260709091441.png,EVPKG
captcha_20260709091649.png,PMLWK
captcha_20260709091843.png,VYICY
captcha_20260709092039.png,YYSQJ
captcha_20260709092238.png,LFWHP
captcha_20260709092435.png,UDWIH
captcha_20260709092636.png,JXUNW
captcha_20260709092843.png,QWFPT
captcha_20260709093047.png,DYFQL
captcha_20260709093247.png,XELCP
captcha_20260709093448.png,UDPSQ
captcha_20260709093644.png,THGKW
captcha_20260709093838.png,SCSRH
captcha_20260709094048.png,RDLWS
captcha_20260709094239.png,JWXUY
captcha_20260709094448.png,GNBIX
captcha_20260709094637.png,YEMNV
captcha_20260709094835.png,XIEVN
captcha_20260709095052.png,BDVWW
captcha_20260709095236.png,RCIVM
captcha_20260709095451.png,BXWTG
captcha_20260709095643.png,GUQCU
captcha_20260709095841.png,FWERT
captcha_20260709100045.png,ZVLEC
captcha_20260709100244.png,JPEIJ
captcha_20260709100444.png,JSYYJ
captcha_20260709100641.png,MHQQS
captcha_20260709100836.png,XNWZJ
captcha_20260709101054.png,KTGGW
captcha_20260709101244.png,XQCYG
captcha_20260709101439.png,YEJDG
captcha_20260709101641.png,YLGRX
captcha_20260709101838.png,UNYNH
captcha_20260709102042.png,KQVMU
captcha_20260709103039.png,JZLTI
captcha_20260709103240.png,JEKKZ
captcha_20260709103439.png,IJVCM
captcha_20260709103654.png,CXTMM
captcha_20260709103842.png,GHEVJ
captcha_20260709104042.png,SQEUM
captcha_20260709104232.png,TUVGF
captcha_20260709104438.png,UTWEK
captcha_20260709104647.png,PBLHE
captcha_20260709104856.png,TJUYB
captcha_20260709105044.png,ZHWKR
captcha_20260709105242.png,VLMYW
captcha_20260709105438.png,IFVEN
captcha_20260709105636.png,GIWEB
captcha_20260709105835.png,PUBWU
captcha_20260709110050.png,ZDSSI
captcha_20260709110241.png,FLCUB
captcha_20260709110447.png,IGDSJ
captcha_20260709110642.png,PTTRY
captcha_20260709110845.png,CPUXP
captcha_20260709111042.png,IFZQD
captcha_20260709111237.png,PDPXF
captcha_20260709112044.png,WXLCE
captcha_20260709112236.png,CUQIG
captcha_20260709112434.png,SKLXG
captcha_20260709112635.png,WHRLN
captcha_20260709112858.png,CUZZT
captcha_20260709113100.png,WNPFW
captcha_20260709113245.png,TQJUI
captcha_20260709113438.png,GMWRZ
captcha_20260709113638.png,ZTCFM
captcha_20260709113839.png,EWTYB
captcha_20260709114042.png,HVNTI
captcha_20260709114240.png,XWLIJ
captcha_20260709114440.png,QTKXD
captcha_20260709114641.png,ILGCK
captcha_20260709115434.png,FDYNR
captcha_20260709115634.png,DNYKT
captcha_20260709115834.png,DDFID
captcha_20260709120046.png,WNEHN
captcha_20260709120253.png,DHQCI
captcha_20260709121236.png,FBWKR
captcha_20260709121436.png,NGXJT
captcha_20260709121639.png,VGZTX
captcha_20260709121849.png,UWPKH
captcha_20260709122058.png,GQQNI
captcha_20260709122245.png,EKENG
captcha_20260709122442.png,URFBR
captcha_20260709122650.png,BCTMJ
captcha_20260709122842.png,HUKRG
captcha_20260709123046.png,DUFIR
captcha_20260709123241.png,XCRHW
captcha_20260709123440.png,ISHUF
captcha_20260709123643.png,SVISX
captcha_20260709123846.png,LEICV
captcha_20260709124832.png,HWWPC
captcha_20260709125041.png,WNXZJ
captcha_20260709125237.png,FCICR
captcha_20260709125438.png,YELJZ
captcha_20260709125647.png,MTCXK
captcha_20260709125841.png,TDBPI
captcha_20260709130039.png,GFYGJ
captcha_20260709130233.png,PKYIP
captcha_20260709130433.png,MBUUK
captcha_20260709130639.png,ETIPG
captcha_20260709130840.png,CIEMY
captcha_20260709131046.png,LEPUV
captcha_20260709131239.png,IICZB
captcha_20260709131447.png,JURER
captcha_20260709131656.png,BYMIT
captcha_20260709131850.png,RLCCR
captcha_20260709132047.png,VSWEM
captcha_20260709132239.png,VSCGW
captcha_20260709152433.png,JVHBL
captcha_20260709152638.png,KHVEZ
captcha_20260709152841.png,RZTTI
captcha_20260709153834.png,UYBMB
captcha_20260709154633.png,UEVFJ
captcha_20260709154836.png,EGJKY
captcha_20260709155042.png,XLHWT
captcha_20260709155238.png,MRPRE
captcha_20260709155442.png,HYLFJ
captcha_20260709155645.png,NYSME
captcha_20260709155842.png,CCDXJ
captcha_20260709160245.png,SBGJG
captcha_20260709161255.png,SJGDJ
captcha_20260709161523.png,YMGCZ
captcha_20260709161729.png,SQIDR
captcha_20260709161939.png,JIUMQ
captcha_20260709162217.png,PFXQM
captcha_20260709162356.png,YETQC
captcha_20260709162734.png,CXKUT
captcha_20260709162936.png,YNISE
captcha_20260709163223.png,IEBZU
captcha_20260709163401.png,NBTXK
captcha_20260709163545.png,HFCJX
captcha_20260709163750.png,WEYEY
captcha_20260709163936.png,PCCTY
captcha_20260709165104.png,GSBGX
captcha_20260709165302.png,WDJLH
captcha_20260709165453.png,PNKNH
captcha_20260709165700.png,FGLMY
captcha_20260709165909.png,ENRFF
captcha_20260709170125.png,YFLZW
captcha_20260709170310.png,UXDIR
captcha_20260709170513.png,MFGIN
captcha_20260709170717.png,YUYPT
captcha_20260709170927.png,ITLYF
captcha_20260709171155.png,TYQXT
captcha_20260709171332.png,SSEBB
captcha_20260709171522.png,MFCDD
captcha_20260709171754.png,BLZCX
captcha_20260709171941.png,GRUSD
captcha_20260709172119.png,SMUTE
captcha_20260709172331.png,KHUZG
captcha_20260709172530.png,CSDKL
captcha_20260709172721.png,RESMF
captcha_20260709172852.png,BYKMZ
captcha_20260709173048.png,YXGPQ
captcha_20260709173242.png,RZLHQ
captcha_20260709173447.png,YIMHD
captcha_20260709173647.png,TLKMB
captcha_20260709173851.png,DSLZW
captcha_20260709174051.png,FHJTD
captcha_20260709174238.png,JWLWH
captcha_20260709174444.png,UYCDH
captcha_20260709174638.png,DIHGK
captcha_20260709174840.png,ILMIQ
captcha_20260709175045.png,NKPNC
captcha_20260709175240.png,BUGMM
captcha_20260709180240.png,WZHRL
captcha_20260709181038.png,UZEMP
captcha_20260709181242.png,GFWRD
captcha_20260709181434.png,KJHWG
captcha_20260709181637.png,YWKBB
captcha_20260709181841.png,IWXSY
captcha_20260709182053.png,BSPDZ
captcha_20260709182246.png,CXSNR
captcha_20260709182437.png,VMEJL
captcha_20260709182637.png,VGJUV
captcha_20260709182841.png,KFRTJ
captcha_20260709183042.png,HXCWG
captcha_20260709183237.png,VDBHP
captcha_20260709183439.png,LMCRQ
captcha_20260709183638.png,XJVKV
captcha_20260709183844.png,FGZCJ
captcha_20260709184042.png,FLWQL
captcha_20260709184233.png,NVPUG
captcha_20260709184435.png,NIVHC
captcha_20260709184636.png,FJFWJ
captcha_20260709184840.png,DZVDR
captcha_20260709185042.png,GHPMV
captcha_20260709185236.png,RZPJB
captcha_20260709185441.png,FVSUF
captcha_20260709185649.png,JPRRJ
captcha_20260709185842.png,ITPGU
captcha_20260709190043.png,LDMVR
captcha_20260709190237.png,QZQWK
captcha_20260709190436.png,PIYNY
captcha_20260709190640.png,WZHKN
captcha_20260709190836.png,QWSCJ
captcha_20260709191041.png,HVRWD
captcha_20260709191239.png,TWFUR
captcha_20260709191444.png,BTXEM
captcha_20260709191639.png,XZYDF
captcha_20260709191840.png,EXCPG
captcha_20260709192044.png,NIMTU
captcha_20260709192239.png,EHEWU
captcha_20260709192432.png,VKTCC
captcha_20260709193238.png,LGJSL
captcha_20260709193434.png,YWYQW
captcha_20260709193634.png,GMGVQ
captcha_20260709193832.png,CTMKD
captcha_20260709194034.png,LCMKR
captcha_20260709194232.png,PMHEY
captcha_20260709194439.png,RVFBP
captcha_20260709194641.png,WYGGH
captcha_20260709194851.png,XPVFN
captcha_20260709195044.png,KYPTJ
captcha_20260709195235.png,LEYNP
captcha_20260709195440.png,PUNNS
captcha_20260709195638.png,GWTSX
captcha_20260709195836.png,GMXLV
captcha_20260709200041.png,YNGUT
captcha_20260709200240.png,RRKWO
captcha_20260709200437.png,XTLGB
captcha_20260709200641.png,DTXSC
captcha_20260709200838.png,ZZCMY
captcha_20260709201046.png,DEKZQ
captcha_20260709201241.png,FFUBK
captcha_20260709201441.png,VWFJC
captcha_20260709201642.png,RXVEL
captcha_20260709201841.png,KEPJZ
captcha_20260709202049.png,PPMGQ
captcha_20260709202240.png,RTMVN
captcha_20260709202450.png,DHDEJ
captcha_20260709202650.png,DPIZB
captcha_20260709202840.png,MPLBN
captcha_20260709203038.png,UNEZX
captcha_20260709203235.png,KJTEM
captcha_20260709203435.png,JEGQN
captcha_20260709203649.png,BHKGH
captcha_20260709203843.png,FTYXS
captcha_20260709204041.png,KTIJL
captcha_20260709205039.png,XVIBI
captcha_20260709205241.png,YKLSV
captcha_20260709205436.png,KSPPB
captcha_20260709205634.png,NSCCW
captcha_20260709205837.png,UKLLR
captcha_20260709210044.png,CVPCH
captcha_20260709210241.png,UYGWZ
captcha_20260709210437.png,LMLGN
captcha_20260709210641.png,YCRKD
captcha_20260709210835.png,CNHET
captcha_20260709211045.png,ZTWMK
captcha_20260709211242.png,LRHGR
captcha_20260709211440.png,VUFDU
captcha_20260709211643.png,MBGGB
captcha_20260709211841.png,YKSZH
captcha_20260709212044.png,GTLCS
captcha_20260709212241.png,DCYLJ
captcha_20260709212443.png,RJDKK
captcha_20260709212643.png,TTKWQ
captcha_20260709212840.png,XWGUR
captcha_20260709213051.png,XNIRZ
captcha_20260709213249.png,XPWHG
captcha_20260709213441.png,DYPSN
captcha_20260709213641.png,PJHTC
captcha_20260709213839.png,RSNIO
captcha_20260709214041.png,YPBQF
captcha_20260709214243.png,TSKVD
captcha_20260709214438.png,EPQSY
captcha_20260709214636.png,RXXKE
captcha_20260709214848.png,EGCPV
captcha_20260709215045.png,FDJSK
captcha_20260709215240.png,JIGXZ
captcha_20260709220040.png,WEHPB
captcha_20260709220235.png,YCTDM
captcha_20260709220427.png,ZHMCQ
captcha_20260709220629.png,HSWDH
captcha_20260709220832.png,KVGIP
captcha_20260709221032.png,DHYDL
captcha_20260709221231.png,MYJKV
captcha_20260709221435.png,NWWWF
captcha_20260709221639.png,PSEWI
captcha_20260709221833.png,JQZKZ
captcha_20260709222036.png,SMXPH
captcha_20260709222239.png,HJPKL
captcha_20260709222438.png,HHLNF
captcha_20260709222647.png,MXZXH
captcha_20260709222846.png,SIEWS
captcha_20260709223046.png,IXGZU
captcha_20260709223242.png,WHNPG
captcha_20260709223438.png,DXIWL
captcha_20260709223641.png,SUUKK
captcha_20260709223841.png,FWQUL
captcha_20260709224044.png,RHBIU
captcha_20260709224239.png,DYMFE
captcha_20260709224435.png,JCFJM
captcha_20260709224635.png,ZFWIH
captcha_20260709224833.png,SGLLT
captcha_20260709225040.png,SQEJQ
captcha_20260709225239.png,GDEQS
captcha_20260709225434.png,GSRKS
captcha_20260709225653.png,ZLQUK
captcha_20260709225839.png,VYDMV
captcha_20260709230833.png,WQJYS
captcha_20260709231037.png,KWUYB
captcha_20260710011231.png,SDYTB
captcha_20260710011430.png,SSNUV
captcha_20260710011632.png,HXGFF
captcha_20260710011833.png,IQYNU
captcha_20260710012038.png,CILHR
captcha_20260710012233.png,EZFVZ
captcha_20260710012435.png,DWTQW
captcha_20260710012637.png,SWELX
captcha_20260710012837.png,VMQJE
captcha_20260710013044.png,SFHKZ
captcha_20260710013238.png,HSEPP
captcha_20260710013436.png,RFSIJ
captcha_20260710014230.png,LGIHM
captcha_20260710015034.png,DVCYH
captcha_20260710015234.png,BWLXV
captcha_20260710015431.png,XFHBB
captcha_20260710015631.png,JKMTK
captcha_20260710015832.png,THGEH
captcha_20260710020044.png,DZPYL
captcha_20260710020235.png,LCTBM
captcha_20260710020440.png,TKVYH
captcha_20260710020642.png,EWWDI
captcha_20260710020841.png,IFILG
captcha_20260710021048.png,VQRXN
captcha_20260710021234.png,KNFGL
captcha_20260710021451.png,ZZZNV
captcha_20260710021638.png,HWSHP
captcha_20260710021835.png,TYUCU
captcha_20260710022038.png,UPXJT
captcha_20260710022234.png,VVZLB
captcha_20260710022437.png,MVZYC
captcha_20260710022640.png,TKJTV
captcha_20260710022842.png,WHPTJ
captcha_20260710023040.png,TQTMG
captcha_20260710023233.png,IYLPH
captcha_20260710023442.png,QKERZ
captcha_20260710023657.png,JCPSV
captcha_20260710023840.png,GTMBB
captcha_20260710024049.png,RTYFF
captcha_20260710024244.png,PYQWT
captcha_20260710024438.png,KGYBW
captcha_20260710024638.png,FDYTI
captcha_20260710024836.png,RYZCG
captcha_20260710025049.png,SKRBZ
captcha_20260710025241.png,CMJZS
captcha_20260710025448.png,VGTUW
captcha_20260710025633.png,PEUUE
captcha_20260710025836.png,SLJHR
captcha_20260710030046.png,VRPSP
captcha_20260710050232.png,JDKJK
captcha_20260710051034.png,GTGPS
captcha_20260710051239.png,SJJMI
captcha_20260710051433.png,XWZYX
captcha_20260710051633.png,MKRLI
captcha_20260710051837.png,BWFZF
captcha_20260710052044.png,MJFUD
captcha_20260710052234.png,DKTEB
captcha_20260710052441.png,JVGUI
captcha_20260710052635.png,SZPXJ
captcha_20260710052837.png,HTECR
captcha_20260710053043.png,KIUUY
captcha_20260710053436.png,UHZSS
captcha_20260710073632.png,VKLXD
captcha_20260710073831.png,ENJPV
captcha_20260710074035.png,WETCQ
captcha_20260710074229.png,PYCSK
captcha_20260710074431.png,GIUIC
captcha_20260710074630.png,XWUPD
captcha_20260710074838.png,HGVDF
captcha_20260710075040.png,HLWGR
captcha_20260710075236.png,DICLC
captcha_20260710075438.png,HMWRR
captcha_20260710075639.png,VEMEH
captcha_20260710075834.png,NZPNX
captcha_20260710080051.png,ERPLP
captcha_20260710080235.png,RTVJN
captcha_20260710080435.png,LNBVT
captcha_20260710080640.png,DVDCS
captcha_20260710080844.png,LKRFQ
captcha_20260710081037.png,BZGWY
captcha_20260710081233.png,WWPIT
captcha_20260710081449.png,ZPHLL
captcha_20260710081636.png,WGGHW
captcha_20260710081851.png,UEGSG
captcha_20260710082046.png,PFDPT
captcha_20260710082236.png,NCEJF
captcha_20260710082434.png,GYTRQ
captcha_20260710102636.png,STJDC
captcha_20260710102833.png,XEJTZ
captcha_20260710103039.png,HKNBM
captcha_20260710104036.png,RZPDD
captcha_20260710104232.png,EVTXU
captcha_20260710104438.png,IEUMH
captcha_20260710104634.png,TKLQE
captcha_20260710104838.png,DMVUB
captcha_20260710104842.png,PMRXZ
captcha_20260710105051.png,LCUMC
captcha_20260710105053.png,TDEDQ
captcha_20260710105245.png,BIXBY
captcha_20260710105249.png,MNCHI
captcha_20260710105445.png,QXJRP
captcha_20260710105451.png,UXLWR
captcha_20260710105642.png,RUKUL
captcha_20260710105643.png,PEDMY
captcha_20260710105852.png,UGPTK
captcha_20260710110051.png,DBWSQ
captcha_20260710110103.png,JWNYL
captcha_20260710110256.png,VIEFS
captcha_20260710110258.png,VETNV
captcha_20260710110448.png,BIWCX
captcha_20260710110449.png,HFJPF
captcha_20260710110643.png,XYJKD
captcha_20260710110648.png,PDNSZ
captcha_20260710110850.png,NBJJN
captcha_20260710110857.png,FMSPN
captcha_20260710111105.png,BXWZM
captcha_20260710111111.png,NCUWI
captcha_20260710111249.png,HCBKN
captcha_20260710111256.png,QFHLW
captcha_20260710111454.png,UJFFY
captcha_20260710111459.png,HJMUP
captcha_20260710111706.png,IMQYL
captcha_20260710111714.png,MSLHU
captcha_20260710111940.png,DELEX
captcha_20260710111945.png,EEEYS
captcha_20260710112141.png,BMXMV
captcha_20260710112142.png,CLKEC
captcha_20260710112303.png,JITCK
captcha_20260710112314.png,BZFMM
captcha_20260710112531.png,HIGNR
captcha_20260710112532.png,PFUNV
captcha_20260710112740.png,KBYMX
captcha_20260710112741.png,GNILS
captcha_20260710112916.png,DKDJY
captcha_20260710112919.png,DVLJU
captcha_20260710113136.png,ZBYLB
captcha_20260710113140.png,PIPBS
captcha_20260710113300.png,KBWCZ
captcha_20260710113311.png,RKLZW
captcha_20260710113454.png,EPWQE
captcha_20260710113714.png,KKILX
captcha_20260710113719.png,DBNXY
captcha_20260710113856.png,ITPRX
captcha_20260710113859.png,TZTRS
captcha_20260710114158.png,JUQYS
captcha_20260710114211.png,JYZBW
captcha_20260710114347.png,BJESR
captcha_20260710114351.png,DEEGF
captcha_20260710114556.png,WNTGH
captcha_20260710114557.png,SBUGS
captcha_20260710114744.png,UNPQH
captcha_20260710114746.png,EVWBR
captcha_20260710114941.png,TTZWK
captcha_20260710115143.png,LGXQT
captcha_20260710115301.png,LXZRU
captcha_20260710115302.png,PKFZD
captcha_20260710115543.png,FEMWX
captcha_20260710115608.png,FBZCP
captcha_20260710115702.png,JGWJM
captcha_20260710115727.png,PNUDQ
captcha_20260710115958.png,LEKVE
captcha_20260710120119.png,NZWNU
captcha_20260710120305.png,WNWYJ
captcha_20260710120306.png,FLZTI
captcha_20260710120519.png,UIRDP
captcha_20260710120525.png,CUCYJ
captcha_20260710120644.png,HFUFY
captcha_20260710120724.png,LINVO
captcha_20260710120858.png,ZBUVD
captcha_20260710120910.png,LSWUS
captcha_20260710121051.png,CRSNJ
captcha_20260710121054.png,LGMLM
captcha_20260710121258.png,HDBPV
captcha_20260710121301.png,UEGMV
captcha_20260710121526.png,ZGUBY
captcha_20260710121533.png,IMURH
captcha_20260710121658.png,QKBDL
captcha_20260710121710.png,UTMCU
captcha_20260710121945.png,GCLVG
captcha_20260710121948.png,GLECR
captcha_20260710122134.png,UYPKP
captcha_20260710122135.png,SJRBC
captcha_20260710122343.png,TCJLS
captcha_20260710122515.png,CEFNG
captcha_20260710122520.png,HJJEW
captcha_20260710123635.png,DUZWJ
captcha_20260710123643.png,RXMRJ
captcha_20260710123836.png,LKVJS
captcha_20260710123840.png,JSHVJ
captcha_20260710144034.png,CQTPN
captcha_20260710144044.png,LYRNJ
captcha_20260710144230.png,GNYKX
captcha_20260710144232.png,CPRRT
captcha_20260710144434.png,DGCEE
captcha_20260710144457.png,SYHHC
captcha_20260710144639.png,BWPJD
captcha_20260710144644.png,KTSKB
captcha_20260710144846.png,IZVXP
captcha_20260710144852.png,BYKNK
captcha_20260710145055.png,LLSGT
captcha_20260710145056.png,RPBPJ
captcha_20260710145246.png,KPBVJ
captcha_20260710145250.png,ZXDDZ
captcha_20260710145446.png,HWRGT
captcha_20260710145447.png,VHCCJ
captcha_20260710150434.png,SBXWI
captcha_20260710150633.png,EJCJS
captcha_20260710150639.png,YCEJJ
captcha_20260710150842.png,NUCWV
captcha_20260710150849.png,IEYXK
captcha_20260710151037.png,XLUJM
captcha_20260710151038.png,EKWSJ
captcha_20260710151243.png,VTKPH
captcha_20260710151252.png,IDPBF
captcha_20260710171323.png,ZXUQI
captcha_20260710171525.png,YXMTG
captcha_20260710171528.png,NHMYT
captcha_20260710171745.png,RPVDZ
captcha_20260710171757.png,JWPGJ
captcha_20260710172026.png,SWHQV
captcha_20260710172030.png,PXELQ
captcha_20260710172309.png,ETDTC
captcha_20260710172524.png,NIJNZ
captcha_20260710172532.png,STMED
captcha_20260710172714.png,QXLLS
captcha_20260710172750.png,IBJDT
captcha_20260710173005.png,PERQU
captcha_20260710173007.png,GQYCV
captcha_20260710173406.png,UNGSC
captcha_20260710173407.png,NSYMW
captcha_20260710173622.png,PUCTI
captcha_20260710173644.png,SZCVF
captcha_20260710173948.png,KEPFN
captcha_20260710173954.png,FVGXP
captcha_20260710174522.png,ZSGKK
captcha_20260710174523.png,IZLBG
captcha_20260710180042.png,WYSCK
captcha_20260710180045.png,MNYTM
captcha_20260710180242.png,CIEZN
captcha_20260710180245.png,WTVLJ
captcha_20260710180436.png,GYXZT
captcha_20260710180437.png,TBJCQ
captcha_20260710180639.png,CCVEI
captcha_20260710180643.png,SLYDV
captcha_20260710180850.png,EXUBL
captcha_20260710180858.png,BJCDH
captcha_20260710181836.png,QMWGU
captcha_20260710181840.png,XIZIM
captcha_20260710182039.png,HQKMJ
captcha_20260710182048.png,YIYMF
captcha_20260710182232.png,XVLYQ
captcha_20260710182235.png,HSCLB
captcha_20260710182432.png,TMRGL
captcha_20260710182433.png,UVFHU
captcha_20260710182654.png,QRJMZ
captcha_20260710182658.png,ZTKZS
captcha_20260710182853.png,USYYH
captcha_20260710182854.png,HFFMQ
captcha_20260710183045.png,HKSTE
captcha_20260710183048.png,BRDKT
captcha_20260710183240.png,ZWPKQ
captcha_20260710183242.png,CEQYC
captcha_20260710183443.png,XIVTE
captcha_20260710183445.png,XSDVM
captcha_20260710183659.png,WRGDJ
captcha_20260710183702.png,PYSJV
captcha_20260710183854.png,KXEEN
captcha_20260710183911.png,DMEUU
captcha_20260710184114.png,LFPJU
captcha_20260710184123.png,UNPVE
captcha_20260710184257.png,BQRYC
captcha_20260710184314.png,JCEJL
captcha_20260710184515.png,DFWGT
captcha_20260710184516.png,TFUEL
captcha_20260710184704.png,VVRLN
captcha_20260710184717.png,ZURRR
captcha_20260710184918.png,FUUEY
captcha_20260710184919.png,RXTPX
captcha_20260710185115.png,VBBCR
captcha_20260710185116.png,SIWDT
captcha_20260710185307.png,VDDTH
captcha_20260710185312.png,PSVZH
captcha_20260710185507.png,CZSLV
captcha_20260710185627.png,WJCXT
captcha_20260710185935.png,PURNB
captcha_20260710185937.png,JNFJY
captcha_20260710190332.png,FDYTM
captcha_20260710190510.png,EZJPD
captcha_20260710190519.png,PHGBC
captcha_20260710190742.png,YDZED
captcha_20260710190856.png,QCFLX
captcha_20260710190917.png,FRCPT
captcha_20260710191051.png,MSBGK
captcha_20260710191315.png,DUZQH
captcha_20260710191320.png,ZYJRJ
captcha_20260710191505.png,PGNCX
captcha_20260710191644.png,HXXIQ
captcha_20260710191650.png,PUMDH
captcha_20260710191852.png,YUVBQ
captcha_20260710192109.png,KSRPR
captcha_20260710192113.png,QFHXS
captcha_20260710192259.png,YVDDF
captcha_20260710192302.png,XICRQ
captcha_20260710192456.png,ZHIQH
captcha_20260710192458.png,EEZYF
captcha_20260710192650.png,UVCSZ
captcha_20260710192651.png,BUDHY
captcha_20260710192850.png,IIZXC
captcha_20260710192858.png,PZUBV
captcha_20260710193115.png,QQPKM
captcha_20260710193116.png,IUTBU
captcha_20260710193325.png,LCZNX
captcha_20260710193326.png,TILTR
captcha_20260710193538.png,EVXJX
captcha_20260710193539.png,CSNQS
captcha_20260710193655.png,LMWTI
captcha_20260710193726.png,WHVTI
captcha_20260710193859.png,JNLEF
captcha_20260710193912.png,DUNNC
captcha_20260710194311.png,BNBMH
captcha_20260710194315.png,DIPYE
captcha_20260710194500.png,TGIYS
captcha_20260710194510.png,UJTDZ
captcha_20260710194659.png,SYQXP
captcha_20260710194816.png,JILXK
captcha_20260710195126.png,PMNPB
captcha_20260710195128.png,LXXEV
captcha_20260710215234.png,BKHRX
captcha_20260710215235.png,JWKSP
captcha_20260710215436.png,TXYPQ
captcha_20260710215437.png,ULWWH
captcha_20260710215635.png,MJMIV
captcha_20260710215830.png,KEVPY
captcha_20260710215842.png,XLXYZ
captcha_20260710220040.png,BCGNI
captcha_20260710220236.png,JSZLQ
captcha_20260710220241.png,UFHKX
captcha_20260710220434.png,UZHXK
captcha_20260710220438.png,BHSWK
captcha_20260710220642.png,KZHXM
captcha_20260710220838.png,ZULEN
captcha_20260710220839.png,YJJZU
captcha_20260710221035.png,JLVVR
captcha_20260710221046.png,FBQHF
captcha_20260710222035.png,KSHNS
captcha_20260710222036.png,DYBEQ
captcha_20260710222235.png,JDMWW
captcha_20260710222249.png,VFSYL
captcha_20260710222440.png,JPTSF
captcha_20260710222638.png,BFWYS
captcha_20260710222646.png,FLMQU
captcha_20260710222841.png,YJFCT
captcha_20260710222844.png,WTBTQ
captcha_20260710223053.png,EFVVD
captcha_20260710223055.png,PKMNE
captcha_20260710223239.png,IIEDF
captcha_20260710223242.png,ITNZQ
captcha_20260710223440.png,NXFDG
captcha_20260710223444.png,ICYMQ
captcha_20260710223642.png,FXYPN
captcha_20260710223646.png,MLDHH
captcha_20260710224051.png,NIQVB
captcha_20260710224052.png,WHYWE
captcha_20260710224255.png,ENFZW
captcha_20260710224258.png,YIVBZ
captcha_20260710224505.png,WGPLD
captcha_20260710224506.png,WFKPG
captcha_20260710224653.png,KHVSO
captcha_20260710224838.png,VPILM
captcha_20260710224839.png,GSLBY
captcha_20260710225049.png,WGPMP
captcha_20260710225053.png,JQCNY
captcha_20260710225246.png,UEURF
captcha_20260710225249.png,YXJWT
captcha_20260710225500.png,RGMCH
captcha_20260710225638.png,PDDPB
captcha_20260710225641.png,NYBSK
captcha_20260710225853.png,VMDJY
captcha_20260710225857.png,IIXUB
captcha_20260710230112.png,ZDDEQ
captcha_20260710230115.png,DTQMM
captcha_20260710230254.png,HPHDC
captcha_20260710230255.png,ILKFQ
captcha_20260710230445.png,NBQHZ
captcha_20260710230450.png,RSEQD
captcha_20260710230647.png,GRLCY
captcha_20260710230650.png,LXKFY
captcha_20260710230856.png,NHYKV
captcha_20260710230857.png,GZVLH
captcha_20260710231053.png,HPNMH
captcha_20260710231054.png,WTSQI
captcha_20260710231318.png,FGHFR
captcha_20260710231319.png,ZIMUJ
captcha_20260710231501.png,IQXQP
captcha_20260710231506.png,ZKLNL
captcha_20260710231701.png,NUZKJ
captcha_20260710231857.png,QKEHG
captcha_20260710232833.png,NTWYG
captcha_20260710233038.png,GKCCX
captcha_20260710233234.png,BNFSK
captcha_20260710233236.png,QRSDR
captcha_20260710233434.png,KCBEB
captcha_20260710233649.png,QKFST
captcha_20260710233651.png,QDDLY
captcha_20260710234630.png,CFVPW
captcha_20260710234833.png,KTTRJ
captcha_20260710235631.png,TQCFL
captcha_20260710235633.png,DRCHB
captcha_20260710235829.png,CYKUN
captcha_20260710235831.png,SPHCH
captcha_20260711000037.png,BTDHU
captcha_20260711000038.png,GFICD
captcha_20260711000234.png,ZMBXV
captcha_20260711000237.png,HGBFY
captcha_20260711000437.png,KBUMN
captcha_20260711000438.png,LWKIR
captcha_20260711000637.png,KDRDL
captcha_20260711000638.png,KEKCJ
captcha_20260711000845.png,GFXYR
captcha_20260711000851.png,BLILJ
captcha_20260711001047.png,QIRCK
captcha_20260711001241.png,MIJVT
captcha_20260711001242.png,KCDBS
captcha_20260711001456.png,VXEKT
captcha_20260711001459.png,BVHKR
captcha_20260711001707.png,SYRPR
captcha_20260711001853.png,VHLQW
captcha_20260711002111.png,HXHCE
captcha_20260711002243.png,KLCZI
captcha_20260711002250.png,HUGZI
captcha_20260711002446.png,RQGCQ
captcha_20260711002713.png,CFEHP
captcha_20260711002714.png,DCTVR
captcha_20260711002911.png,BSBPR
captcha_20260711002914.png,VEZZS
captcha_20260711003054.png,IKPNZ
captcha_20260711003059.png,NZIVK
captcha_20260711003342.png,QHMEM
captcha_20260711003440.png,CEZTF
captcha_20260711003442.png,CTGHI
captcha_20260711003649.png,WVFBU
captcha_20260711003650.png,TKJFZ
captcha_20260711003849.png,EWIMP
captcha_20260711003853.png,SDMYL
captcha_20260711004057.png,XUMKB
captcha_20260711004108.png,SLRJZ
captcha_20260711004249.png,PIFUZ
captcha_20260711004250.png,RQUGH
captcha_20260711004449.png,VNTXI
captcha_20260711004451.png,CRCSW
captcha_20260711004650.png,VHGBP
captcha_20260711004652.png,VTGQM
captcha_20260711004848.png,QTTCN
captcha_20260711004849.png,IUGZZ
captcha_20260711005058.png,SQKCY
captcha_20260711005059.png,RTNKT
captcha_20260711005302.png,IGNXY
captcha_20260711005315.png,TKFEG
captcha_20260711005522.png,PUGBG
captcha_20260711005703.png,KNKLX
captcha_20260711005853.png,JXLBQ
captcha_20260711005912.png,CMIZL
captcha_20260711010140.png,YNIFE
captcha_20260711010147.png,ZEWZU
captcha_20260711010449.png,PBHTQ
captcha_20260711010457.png,XUWXC
captcha_20260711010658.png,HLDTW
captcha_20260711010721.png,HQZPZ
captcha_20260711010930.png,DXXEL
captcha_20260711011108.png,WPHKB
captcha_20260711011255.png,BXZQT
captcha_20260711011429.png,WPKIH
captcha_20260711011645.png,EXUBM
captcha_20260711011649.png,JKISV
captcha_20260711011900.png,XQSLU
captcha_20260711012111.png,DBWBS
captcha_20260711012239.png,JURKW
captcha_20260711012243.png,VIQYM
captcha_20260711012451.png,ZYQRF
captcha_20260711012455.png,EJQPC
captcha_20260711012649.png,EKHNM
captcha_20260711012847.png,HKIQH
captcha_20260711012848.png,FYCXF
captcha_20260711013058.png,DBKWK
captcha_20260711013113.png,PEYUW
captcha_20260711013303.png,SLZPZ
captcha_20260711013312.png,QEYGQ
captcha_20260711013715.png,MHKSX
captcha_20260711013717.png,UEYQB
captcha_20260711013908.png,FKDMS
captcha_20260711013914.png,KWMMV
captcha_20260711014113.png,TZFZV
captcha_20260711014141.png,RGFHM
captcha_20260711014441.png,LPFXP
captcha_20260711014446.png,KNWZL
captcha_20260711014645.png,QKKPI
captcha_20260711014648.png,EYPSI
captcha_20260711014914.png,CXJFG
captcha_20260711014915.png,IBWPB
captcha_20260711015127.png,DVXUN
captcha_20260711015128.png,TIUIS
captcha_20260711015306.png,BUCJT
captcha_20260711015309.png,TFRCS
captcha_20260711015455.png,NPSZL
captcha_20260711015508.png,HRTGD
captcha_20260711015916.png,VTIWV
captcha_20260711020124.png,SCQIU
captcha_20260711020126.png,XCCRZ
captcha_20260711021039.png,TNHMS
captcha_20260711021234.png,NBJTU
captcha_20260711021437.png,HNSYM
captcha_20260711021638.png,UVVGU
captcha_20260711021842.png,VHXLW
captcha_20260711022044.png,CQKWO
captcha_20260711022048.png,YWXSJ
captcha_20260711022248.png,XSUUW
captcha_20260711022253.png,IUIYI
captcha_20260711022521.png,PTQNT
captcha_20260711022642.png,NPCBF
captcha_20260711022645.png,MQEHC
captcha_20260711022856.png,RVNYH
captcha_20260711022900.png,JZBWG
captcha_20260711023111.png,REIUY
captcha_20260711023240.png,UTNJI
captcha_20260711023246.png,CIRUN
captcha_20260711024232.png,FNFEL
captcha_20260711024233.png,FRPGG
captcha_20260711024431.png,HRJJU
captcha_20260711024432.png,RBLKV
captcha_20260711024633.png,BYHDQ
captcha_20260711024638.png,XCUHJ
captcha_20260711024836.png,KVDLE
captcha_20260711024838.png,GZEQZ
captcha_20260711025057.png,JGVGK
captcha_20260711025102.png,NLITV
captcha_20260711025242.png,SENND
captcha_20260711025243.png,IUXET
captcha_20260711025443.png,YKJGR
captcha_20260711025445.png,LBNSE
captcha_20260711025645.png,DJVUW
captcha_20260711025650.png,WFTYR
captcha_20260711025853.png,VJNWU
captcha_20260711025855.png,SSCHY
captcha_20260711030053.png,ZXHRG
captcha_20260711030243.png,LTULD
captcha_20260711030246.png,CFRBC
captcha_20260711030446.png,UXXEB
captcha_20260711031644.png,EHYBT
captcha_20260711031647.png,KTHGQ
captcha_20260711031907.png,WCHPJ
captcha_20260711032048.png,RBZVE
captcha_20260711032050.png,KSQMQ
captcha_20260711032247.png,DFJJY
captcha_20260711032249.png,PQNUQ
captcha_20260711032453.png,DFBUX
captcha_20260711032458.png,ZHKMI
captcha_20260711032712.png,NEYMD
captcha_20260711032714.png,YQYMF
captcha_20260711032930.png,TXUCE
captcha_20260711032932.png,FBQUI
captcha_20260711033134.png,KRIGI
captcha_20260711033143.png,PNZKZ
captcha_20260711033437.png,CHNSM
captcha_20260711033440.png,JCTYY
captcha_20260711034257.png,FNKYV
captcha_20260711034319.png,SGUFI
captcha_20260711034320.png,GFEHE
captcha_20260711034321.png,GEIKD
captcha_20260711034322.png,WSBNM
captcha_20260711034325.png,EXJKE
captcha_20260711034330.png,CEJUZ
captcha_20260711034424.png,UEKZI
captcha_20260711034429.png,UGSJP
captcha_20260711034600.png,DTGIP
captcha_20260711034604.png,DEYTG
captcha_20260711034846.png,ZLCVX
captcha_20260711035034.png,MQJLM
captcha_20260711035056.png,KSRWI
captcha_20260711035238.png,QSQXZ
captcha_20260711035240.png,RFWCE
captcha_20260711035445.png,MYZTF
captcha_20260711035538.png,DMYKP
captcha_20260711035740.png,LVBQP
captcha_20260711035841.png,UZKYC
captcha_20260711035857.png,RNFSS
captcha_20260711040223.png,JJNXM
captcha_20260711040430.png,VJLIZ
captcha_20260711040644.png,YNBGZ
captcha_20260711040740.png,KERYT
captcha_20260711040758.png,LBMIF
captcha_20260711041122.png,ZTRRK
captcha_20260711041124.png,LTBXN
captcha_20260711041343.png,XPYMW
captcha_20260711041456.png,TBXIT
captcha_20260711041503.png,DLYJH
captcha_20260711041733.png,BXQZW
captcha_20260711041740.png,VJNMX
captcha_20260711041915.png,IPWQH
captcha_20260711041928.png,SFVZG
captcha_20260711042139.png,YRGNK
captcha_20260711042315.png,XQZDH
captcha_20260711042323.png,LKMKM
captcha_20260711042531.png,VFQZY
captcha_20260711042537.png,HCTDR
captcha_20260711042735.png,BQVNL
captcha_20260711042935.png,XLJEV
captcha_20260711042937.png,EZFHM
captcha_20260711043136.png,WJRYZ
captcha_20260711043140.png,VPFFP
captcha_20260711043337.png,DKDTS
captcha_20260711043408.png,RGHKK
captcha_20260711043512.png,WFXNB
captcha_20260711043514.png,DGKSQ
captcha_20260711043718.png,RYMCV
captcha_20260711043720.png,WLLFJ
captcha_20260711043926.png,UQHJZ
captcha_20260711043929.png,HLCQJ
captcha_20260711044139.png,LPUQW
captcha_20260711044141.png,JCMSP
captcha_20260711044320.png,GJZGS
captcha_20260711044322.png,SNYWW
captcha_20260711044517.png,STIWH
captcha_20260711044518.png,UUCBQ
captcha_20260711044745.png,NMSZB
captcha_20260711044746.png,VZBVX
captcha_20260711045058.png,IVMWH
captcha_20260711045109.png,MWKBW
captcha_20260711045312.png,YNDFB
captcha_20260711045453.png,PSMGK
captcha_20260711045455.png,UTZNV
captcha_20260711045656.png,QMPWI
captcha_20260711045858.png,KTEUY
captcha_20260711045904.png,HGEWK
captcha_20260711050127.png,XQWDV
captcha_20260711050129.png,NTYTJ
captcha_20260711050322.png,NDUGJ
captcha_20260711050444.png,RHENB
captcha_20260711050451.png,JTDBZ
captcha_20260711050645.png,LVBUX
captcha_20260711050650.png,ETLRJ
captcha_20260711050919.png,JNMTJ
captcha_20260711050921.png,LWQWU
captcha_20260711051842.png,VKVDT
captcha_20260711051844.png,IIDCM
captcha_20260711052033.png,IYLPH
captcha_20260711052035.png,YFNZB
captcha_20260711052233.png,CGRGL
captcha_20260711052433.png,VJRNZ
captcha_20260711053432.png,VNPGC
captcha_20260711053634.png,HSIFL
captcha_20260711053635.png,LLPZP
captcha_20260711053832.png,GYDFY
captcha_20260711053833.png,FUUPP
captcha_20260711054041.png,YTDUG
captcha_20260711054044.png,WBJXT
captcha_20260711054250.png,PMGMB
captcha_20260711054254.png,IJCSG
captcha_20260711054437.png,EXHGC
captcha_20260711054438.png,XYZFS
captcha_20260711054636.png,BUYCX
captcha_20260711054638.png,KFSKL
captcha_20260711054840.png,TDDYZ
captcha_20260711054842.png,IWZLK
captcha_20260711055058.png,MMMEU
captcha_20260711055249.png,IQPKF
captcha_20260711055440.png,GGIGR
captcha_20260711055629.png,JFLSC
captcha_20260711060230.png,RYZPJ
captcha_20260711060631.png,ZMZEJ
captcha_20260711060831.png,CTGVW
captcha_20260711061039.png,GHWFZ
captcha_20260711061431.png,GXVYB
captcha_20260711061633.png,VJXVE
captcha_20260711061832.png,SQNVL
captcha_20260711062037.png,GUHGI
captcha_20260711062234.png,JURGD
captcha_20260711062436.png,KMIMK
captcha_20260711062636.png,PEWRJ
captcha_20260711063238.png,ZUZRE
captcha_20260711063430.png,WHNKZ
captcha_20260711064432.png,VBXDR
captcha_20260711064842.png,WHZYM
captcha_20260711070034.png,QSYYR
captcha_20260711070433.png,MNNJT
captcha_20260711071031.png,IQHXG
captcha_20260711072031.png,WQQBR
captcha_20260711072229.png,TKXBM
captcha_20260711072429.png,UQXEL
captcha_20260711072634.png,ITBHH
captcha_20260711072833.png,YCUYT
captcha_20260711073430.png,WXDBS
captcha_20260711073629.png,DWMNJ
captcha_20260711074630.png,NZIUV
captcha_20260711080032.png,HKJPQ
captcha_20260711081035.png,XKZTJ
captcha_20260711083830.png,PNKWW
captcha_20260711084035.png,LYXEB
captcha_20260711084629.png,QKDRW
captcha_20260711084828.png,SYCNZ
captcha_20260711085430.png,VMWZY
captcha_20260711085830.png,ZDJJE
captcha_20260711091235.png,WFJIU
captcha_20260711091429.png,KHPYJ
captcha_20260711091635.png,BNDWT
captcha_20260711092033.png,VCGJM
captcha_20260711092235.png,KEIRP
captcha_20260711092436.png,XBSUM
captcha_20260711092442.png,LKMXB
captcha_20260711092635.png,IULUR
captcha_20260711092831.png,DSZIG
captcha_20260711094232.png,JUEBU
captcha_20260711095036.png,NZTWP
captcha_20260711101829.png,YBDYD
captcha_20260711104434.png,ZIZIF
captcha_20260711105636.png,GWHHM
captcha_20260711105835.png,MNUZN
captcha_20260711112231.png,FURLB
captcha_20260711112431.png,TTTZE
captcha_20260711112630.png,DVJKN
captcha_20260711112831.png,GSKZP
captcha_20260711113035.png,XBRVN
captcha_20260711113235.png,XRMNY
captcha_20260711113435.png,ZGPVM
captcha_20260711120034.png,YXMLN
captcha_20260711121633.png,WHZXG
captcha_20260711131629.png,FLXGQ
captcha_20260711133830.png,TRKST
captcha_20260711142630.png,YUKJT
captcha_20260711143832.png,UGIHN
captcha_20260711144431.png,JQRJB
captcha_20260711145034.png,JLCTC
captcha_20260711152430.png,EIPSW
captcha_20260711152433.png,YKNQT
captcha_20260711152631.png,PLCBQ
captcha_20260711152633.png,RPFYI
captcha_20260711152830.png,EKPNB
captcha_20260711153036.png,VVSLX
captcha_20260711153037.png,SXMKV
captcha_20260711153228.png,XWBWR
captcha_20260711153230.png,HGGNE
captcha_20260711153430.png,FCDLP
captcha_20260711153431.png,PUBCB
captcha_20260711153634.png,MTXIV
captcha_20260711153636.png,IHUPR
captcha_20260711153838.png,LJMVW
captcha_20260711154240.png,JNIQQ
captcha_20260711154433.png,YXIGU
captcha_20260711154645.png,JFRVL
captcha_20260711154840.png,INCEM
captcha_20260711155033.png,QYBRY
captcha_20260711155232.png,ZVPGB
captcha_20260711155431.png,YSLMY
captcha_20260711155639.png,EJTPC
captcha_20260711155834.png,IQIGT
captcha_20260711160240.png,SCFJY
captcha_20260711160439.png,SNTDH
captcha_20260711160644.png,TTDPD
captcha_20260711163832.png,FJEQF
captcha_20260711165831.png,CZZRM
captcha_20260711172632.png,UXIBL
captcha_20260711172832.png,BKDTY
captcha_20260711173034.png,TIZVM
captcha_20260711173238.png,QHRRV
captcha_20260711173243.png,EPEYN
captcha_20260711174231.png,IDLSI
captcha_20260711174431.png,MTSMP
captcha_20260711175238.png,NIDWL
captcha_20260711175437.png,TXQQW
captcha_20260711175634.png,BFWVU
captcha_20260711175840.png,CKRHD
captcha_20260711180042.png,GJZFG
captcha_20260711180237.png,KBSYI
captcha_20260711180436.png,FWTIX
captcha_20260711180636.png,HCIUU
captcha_20260711180837.png,UHSYE
captcha_20260711181031.png,ZNENS
captcha_20260711181233.png,YHLNH
captcha_20260711181437.png,KJBLE
captcha_20260711181631.png,KVGZU
captcha_20260711181833.png,WZZEJ
captcha_20260711182043.png,JZDMX
captcha_20260711182231.png,ECBMR
captcha_20260711182438.png,RJHII
captcha_20260711182634.png,EQWBU
captcha_20260711182833.png,LIIUS
captcha_20260711183837.png,JBWBD
captcha_20260711192833.png,LHXVQ
captcha_20260711193046.png,HGGXX
captcha_20260711193234.png,THBCV
captcha_20260711193441.png,JHWPZ
captcha_20260711193637.png,UYDNT
captcha_20260711193841.png,GNPZT
captcha_20260711194045.png,IPIDW
captcha_20260711194633.png,XYLQW
captcha_20260711200054.png,PSRSW
captcha_20260711200236.png,ZNHEC
captcha_20260711200433.png,RLCMP
captcha_20260711200638.png,KKFMH
captcha_20260711200838.png,DIHQI
captcha_20260711201036.png,DHFZK
captcha_20260711201244.png,NVJWY
captcha_20260711201440.png,VMSBR
captcha_20260711201629.png,EFSXW
captcha_20260711201834.png,FHIHJ
captcha_20260711202036.png,KSGEC
captcha_20260711202239.png,DMWHK
captcha_20260711202431.png,WFLQN
captcha_20260711202644.png,VEKBQ
captcha_20260711202837.png,TUSLF
captcha_20260711203042.png,LTIXB
captcha_20260711203245.png,VEQKR
captcha_20260711203432.png,XFPHG
captcha_20260711203636.png,FQNZZ
captcha_20260711203833.png,CNKFC
captcha_20260711204044.png,LVJNP
captcha_20260711204251.png,DFVMZ
captcha_20260711204432.png,KNZRC
captcha_20260711204636.png,TNVER
captcha_20260711204836.png,GYFRT
captcha_20260711205038.png,KUDHM
captcha_20260711205234.png,PHWXB
captcha_20260711205440.png,SWNWP
captcha_20260711205629.png,EFUIY
captcha_20260711205834.png,GDDPF
captcha_20260711210038.png,GZDRW
captcha_20260711210238.png,DTCRC
captcha_20260711211036.png,CMZKI
captcha_20260711211430.png,BIJTN
captcha_20260711213032.png,EGTZF
captcha_20260711213233.png,UEEPM
captcha_20260711213429.png,HFCUV
captcha_20260711213629.png,HWQGC
captcha_20260711213836.png,HNKUR
captcha_20260711214037.png,FDMDX
captcha_20260711214230.png,YXHLB
captcha_20260711214432.png,XPVYC
captcha_20260711214640.png,THRIR
captcha_20260711214838.png,ZQDZQ
captcha_20260711215039.png,QPCEY
captcha_20260711215248.png,JFNSJ
captcha_20260711215441.png,HXDQH
captcha_20260711215445.png,XJJHJ
captcha_20260711215638.png,JVRDG
captcha_20260711215833.png,MNLBB
captcha_20260711221231.png,WWTGJ
captcha_20260711221431.png,ZWUZD
captcha_20260711221633.png,TBVQF
captcha_20260711221832.png,FYXJX
captcha_20260711222036.png,URHGE
captcha_20260711222235.png,RMHEJ
captcha_20260711222436.png,BXEYL
captcha_20260711222633.png,IUJSI
captcha_20260711222831.png,MBCEF
captcha_20260711223034.png,IWZCW
captcha_20260711223239.png,NCUZF
captcha_20260711223437.png,ESKWX
captcha_20260711223630.png,HTTMQ
captcha_20260711223833.png,SPLCB
captcha_20260711224038.png,LUNMU
captcha_20260711224232.png,ZQGCP
captcha_20260711224442.png,YFWWZ
captcha_20260711224647.png,UBQXN
captcha_20260711224833.png,JCJVR
captcha_20260711225034.png,VXSKX
captcha_20260711225452.png,DSUGY
captcha_20260711225633.png,WPPKW
captcha_20260711225839.png,JYIMZ
captcha_20260711230037.png,MZHGM
captcha_20260711233234.png,WFPEE
captcha_20260711233439.png,PPIGX
captcha_20260711233632.png,FMHGQ
captcha_20260711233835.png,UXEEQ
captcha_20260711234041.png,IUEKU
captcha_20260711234230.png,GRTSJ
captcha_20260711234431.png,JVLEY
captcha_20260711234632.png,PRJWK
captcha_20260711234832.png,SQLIU
captcha_20260712001637.png,LMSGH
captcha_20260712001831.png,RUHKK
captcha_20260712002034.png,CHYGL
captcha_20260712002234.png,DQCGY
captcha_20260712002430.png,LMCIE
captcha_20260712002634.png,VZRRZ
captcha_20260712002835.png,TDILS
captcha_20260712003036.png,BBHJT
captcha_20260712003239.png,KHCFH
captcha_20260712003433.png,SSUQG
captcha_20260712003631.png,CQZLF
captcha_20260712003830.png,XPIFY
captcha_20260712004032.png,XKELZ
captcha_20260712004229.png,NSZEH
captcha_20260712004433.png,SRSCD
captcha_20260712004634.png,CGNFK
captcha_20260712004840.png,SIHJY
captcha_20260712005034.png,BESKW
captcha_20260712005232.png,JPZER
captcha_20260712005237.png,HPTPK
captcha_20260712005436.png,BFYWX
captcha_20260712005437.png,SIDSN
captcha_20260712005647.png,PLEEI
captcha_20260712005835.png,BSZMR
captcha_20260712010039.png,NHPBH
captcha_20260712010231.png,TFYCP
captcha_20260712010836.png,QCNXL
captcha_20260712012033.png,KJRPK
captcha_20260712013430.png,MWLQX
captcha_20260712013631.png,TGXCN
captcha_20260712013831.png,XHJKM
captcha_20260712014032.png,HNBQP
captcha_20260712014230.png,BWFRV
captcha_20260712014428.png,GSMBR
captcha_20260712014628.png,XIHMX
captcha_20260712014828.png,EQIVY
captcha_20260712015031.png,CKKBX
captcha_20260712015227.png,MIBFC
captcha_20260712015428.png,HYKEY
captcha_20260712015627.png,NHILJ
captcha_20260712015828.png,EQMUD
captcha_20260712020040.png,MYQLM
captcha_20260712020231.png,PYBQI
captcha_20260712022034.png,TTFBM
captcha_20260712023031.png,YYCBX
captcha_20260712023231.png,MQDMT
captcha_20260712023428.png,XLQST
captcha_20260712023628.png,CPRWW
captcha_20260712023829.png,HYULP
captcha_20260712024032.png,QQIMS
captcha_20260712024228.png,SXFZK
captcha_20260712044233.png,URKZV
captcha_20260712052833.png,YNDPQ
captcha_20260712052841.png,QUSFV
captcha_20260712053038.png,ZEUTI
captcha_20260712053234.png,GLERF
captcha_20260712053237.png,QKQPQ
captcha_20260712053436.png,XKBTG
captcha_20260712053437.png,SFPIF
captcha_20260712053641.png,QHWQT
captcha_20260712053834.png,TNCCM
captcha_20260712054048.png,VCUVT
captcha_20260712054233.png,JPRXR
captcha_20260712054431.png,MVFXG
captcha_20260712054633.png,QQEIZ
captcha_20260712054833.png,SQUUG
captcha_20260712055052.png,IDNEH
captcha_20260712055232.png,JGUTR
captcha_20260712055439.png,ZFVYQ
captcha_20260712055644.png,NGJXJ
captcha_20260712055834.png,RVLYH
captcha_20260712060043.png,ETXHC
captcha_20260712060235.png,USNZR
captcha_20260712060430.png,EPEWK
captcha_20260712060635.png,FFWFK
captcha_20260712060836.png,EVTKF
captcha_20260712061035.png,XYJVP
captcha_20260712061246.png,PRETI
captcha_20260712061443.png,LSDFW
captcha_20260712061640.png,KSKGT
captcha_20260712061836.png,MGBBX
captcha_20260712062038.png,GVKNP
captcha_20260712062241.png,TWGXD
captcha_20260712062439.png,DLQXV
captcha_20260712062637.png,MZLKK
captcha_20260712062833.png,DUGYL
captcha_20260712063039.png,FMGMF
captcha_20260712063232.png,EMUZG
captcha_20260712063435.png,SPMTW
captcha_20260712063632.png,ZVMNF
captcha_20260712063838.png,SXUNS
captcha_20260712064035.png,TLIWB
captcha_20260712064233.png,XTERK
captcha_20260712064436.png,FXZKL
captcha_20260712064632.png,TFFZS
captcha_20260712064832.png,GNZJV
captcha_20260712065044.png,FKZGH
captcha_20260712065233.png,LGXLH
captcha_20260712065433.png,RFUBI
captcha_20260712065635.png,SNHQZ
captcha_20260712065836.png,NNBML
captcha_20260712070039.png,PUSMC
captcha_20260712070245.png,FGQMG
captcha_20260712070438.png,GRPNI
captcha_20260712070642.png,JPGRF
captcha_20260712070837.png,YLEXY
captcha_20260712071036.png,FYQPN
captcha_20260712071431.png,TIPRZ
captcha_20260712072232.png,QIYYS
captcha_20260712073435.png,ZXMNV
captcha_20260712073635.png,DUXHW
captcha_20260712073832.png,RZTGZ
captcha_20260712074038.png,FVGVD
captcha_20260712074041.png,DUXKR
captcha_20260712074240.png,VUZJT
captcha_20260712074243.png,UTDNC
captcha_20260712074442.png,YISMM
captcha_20260712074445.png,MFBDE
captcha_20260712074645.png,SVRYI
captcha_20260712074654.png,QEGEW
captcha_20260712074856.png,WTKKB
captcha_20260712074904.png,ITWGL
captcha_20260712075252.png,BUIPZ
captcha_20260712075418.png,VPFVD
captcha_20260712075637.png,JJTCL
captcha_20260712075836.png,IHDJZ
captcha_20260712080038.png,YTMLI
captcha_20260712080238.png,VZRVB
captcha_20260712080632.png,EIJCM
captcha_20260712080831.png,JLQLF
captcha_20260712081036.png,WGNDZ
captcha_20260712081233.png,QBIMS
captcha_20260712081430.png,ZBKKY
captcha_20260712081633.png,MWSZC
captcha_20260712081843.png,YCFYM
captcha_20260712082037.png,UYDDY
captcha_20260712082234.png,QEJNV
captcha_20260712082438.png,JQNMQ
captcha_20260712082657.png,XUPSJ
captcha_20260712082839.png,LKERN
captcha_20260712103033.png,VNHDL
captcha_20260712103230.png,UXSSF
captcha_20260712103232.png,SZLNT
captcha_20260712103430.png,DIMSQ
captcha_20260712103431.png,ESTZN
captcha_20260712103631.png,UEVUG
captcha_20260712103632.png,QWYXF
captcha_20260712123834.png,NJGIN
captcha_20260712123836.png,RGCZW
captcha_20260712124036.png,YNSSN
captcha_20260712124046.png,RDIYH
captcha_20260712124232.png,NIFBM
captcha_20260712124234.png,FKGFV
captcha_20260712124433.png,HBPIL
captcha_20260712124514.png,UIIPX
captcha_20260712124633.png,GTPIN
captcha_20260712124635.png,IEXBB
captcha_20260712124850.png,GJNQC
captcha_20260712124851.png,CECUT
captcha_20260712125049.png,HGZUE
captcha_20260712125050.png,XTWZB
captcha_20260712125236.png,LWYIU
captcha_20260712125240.png,XIKDB
captcha_20260712125436.png,BPBHM
captcha_20260712125437.png,TRKUX
captcha_20260712125637.png,JZEWG
captcha_20260712125640.png,KDWWN
captcha_20260712125843.png,WNMGN
captcha_20260712125851.png,VKUZT
captcha_20260712130108.png,BYCTS
captcha_20260712130113.png,ILXNX
captcha_20260712130256.png,TKKQS
captcha_20260712130304.png,WWKXR
captcha_20260712130441.png,LLYUP
captcha_20260712130448.png,RVYTX
captcha_20260712130654.png,EPLSG
captcha_20260712130701.png,VLTUY
captcha_20260712130854.png,LFXEU
captcha_20260712130911.png,UVISB
captcha_20260712131054.png,KZCTC
captcha_20260712131255.png,FXZDG
captcha_20260712131258.png,CHXQQ
captcha_20260712131509.png,UTTGK
captcha_20260712131514.png,UHLII
captcha_20260712131647.png,JUUPW
captcha_20260712131648.png,DCTPC
captcha_20260712131847.png,VXJXU
captcha_20260712131849.png,WRIXG
captcha_20260712132115.png,EBELE
captcha_20260712132116.png,GUZTG
captcha_20260712132252.png,TZMME
captcha_20260712132456.png,TQDGK
captcha_20260712132459.png,GMPIG
captcha_20260712132653.png,TBTEK
captcha_20260712132726.png,KFDQO
captcha_20260712132855.png,YJLRZ
captcha_20260712132916.png,KRPLB
captcha_20260712133104.png,DHJWG
captcha_20260712133111.png,FYFUF
captcha_20260712133319.png,JTDLG
captcha_20260712133320.png,MFTUV
captcha_20260712133536.png,KIKQM
captcha_20260712133659.png,KGUNN
captcha_20260712133723.png,VMPJV
captcha_20260712133917.png,XFQKI
captcha_20260712133924.png,PXDUS
captcha_20260712134122.png,SVMRR
captcha_20260712134127.png,PKZHV
captcha_20260712134315.png,KQTHH
captcha_20260712134319.png,NJZJU
captcha_20260712134505.png,RYJGE
captcha_20260712134709.png,VHGGQ
captcha_20260712134728.png,WCJHD
captcha_20260712134853.png,SCCNN
captcha_20260712134906.png,NDHBL
captcha_20260712135116.png,MXFKZ
captcha_20260712135119.png,WIQFF
captcha_20260712135300.png,JQGUB
captcha_20260712135304.png,UIPZZ
captcha_20260712135436.png,YUCEY
captcha_20260712135437.png,RKWVT
captcha_20260712135642.png,VBMST
captcha_20260712135644.png,BQUDI
captcha_20260712135838.png,VJVZS
captcha_20260712135850.png,NZPNF
captcha_20260712140043.png,GIZUI
captcha_20260712140234.png,YQZBQ
captcha_20260712140431.png,PRJRB
captcha_20260712140632.png,LNLUP
captcha_20260712140832.png,FUUYN
captcha_20260712141035.png,IGWWE
captcha_20260712141231.png,HMGVB
captcha_20260712141438.png,DDNKE
captcha_20260712141632.png,HCVWL
captcha_20260712141831.png,IPFXD
captcha_20260712143431.png,MJWGD
captcha_20260712145035.png,DFMHS
captcha_20260712145229.png,ILYFS
captcha_20260712145429.png,JFMXE
captcha_20260712145633.png,CNUJH
captcha_20260712145831.png,FNWLR
captcha_20260712150235.png,BNSEN
captcha_20260712152042.png,QRJIE
captcha_20260712152232.png,ULHPC
captcha_20260712152429.png,QKUQL
captcha_20260712152642.png,TPVWP
captcha_20260712152834.png,JYDCR
captcha_20260712152836.png,FXYHI
captcha_20260712153043.png,EESJX
captcha_20260712153240.png,VQLPI
captcha_20260712153438.png,INMTK
captcha_20260712153635.png,CJYUV
captcha_20260712153836.png,RUSVV
captcha_20260712154043.png,VUWKP
captcha_20260712154232.png,GLPWQ
captcha_20260712154433.png,CHBTD
captcha_20260712154434.png,QHCEC
captcha_20260712154631.png,NTNVP
captcha_20260712154832.png,XXLIV
captcha_20260712155043.png,UYDVX
captcha_20260712155232.png,UFSUP
captcha_20260712155431.png,WBYNP
captcha_20260712155641.png,DGGEI
captcha_20260712155832.png,CBUBC
captcha_20260712160633.png,PTWDM
captcha_20260712160835.png,WNCVJ
captcha_20260712161041.png,YVKWN
captcha_20260712161243.png,KYGUE
captcha_20260712161449.png,CTWCD
captcha_20260712161649.png,NLBKG
captcha_20260712161849.png,QSMMS
captcha_20260712162050.png,BERNK
captcha_20260712162238.png,UWPDC
captcha_20260712162456.png,QWBZK
captcha_20260712162654.png,DXZCR
captcha_20260712162848.png,DJRHV
captcha_20260712163106.png,FLPWI
captcha_20260712163309.png,VBMJR
captcha_20260712163505.png,MUPVR
captcha_20260712163655.png,CWITZ
captcha_20260712163904.png,KBJLP
captcha_20260712164107.png,LKGUS
captcha_20260712164259.png,KHIBG
captcha_20260712164459.png,MSNHX
captcha_20260712164656.png,HIQLB
captcha_20260712164849.png,DCYEN
captcha_20260712165044.png,QBWBY
captcha_20260712165237.png,FEXWE
captcha_20260712165430.png,UINLK
captcha_20260712165636.png,TITGL
captcha_20260712165835.png,GWHQB
captcha_20260712165837.png,BRRYJ
captcha_20260712170039.png,LHYLT
captcha_20260712170043.png,GCKXC
captcha_20260712170235.png,TBLZH
captcha_20260712170236.png,KWEVF
captcha_20260712170434.png,MBRVW
captcha_20260712170441.png,VBNBF
captcha_20260712170644.png,SVDJP
captcha_20260712170647.png,GDLZV
captcha_20260712170840.png,NUURD
captcha_20260712170842.png,ISLUS
captcha_20260712171045.png,ZXUXI
captcha_20260712171048.png,LUMCW
captcha_20260712171247.png,CLFLK
captcha_20260712171310.png,HWWQC
captcha_20260712171456.png,PFXZQ
captcha_20260712171642.png,YJDEF
captcha_20260712171844.png,VGLEW
captcha_20260712172041.png,VIGBN
captcha_20260712172234.png,PHQIC
captcha_20260712172235.png,GIWET
captcha_20260712172433.png,HLCZB
captcha_20260712172444.png,HSQNG
captcha_20260712172632.png,YHSLL
captcha_20260712172643.png,YTQNQ
captcha_20260712172838.png,FDEGX
captcha_20260712172845.png,VXBKT
captcha_20260712173042.png,PJHKF
captcha_20260712173047.png,PVKFL
captcha_20260712173233.png,MPLBH
captcha_20260712173234.png,DTSKC
captcha_20260712173433.png,FLLNK
captcha_20260712173638.png,FZGNG
captcha_20260712173644.png,ZEHRU
captcha_20260712173834.png,HURUK
captcha_20260712173839.png,KVMGL
captcha_20260712174042.png,VILMJ
captcha_20260712174239.png,KJQXT
captcha_20260712174435.png,HNSTM
captcha_20260712174437.png,SIUPU
captcha_20260712174639.png,PTQUT
captcha_20260712174836.png,LCIHK
captcha_20260712175038.png,FWLDX
captcha_20260712175231.png,BVSDP
captcha_20260712175431.png,BQCGQ
captcha_20260712175640.png,LMFLU
captcha_20260712175832.png,ZQYEX
captcha_20260712180038.png,RDWWX
captcha_20260712180236.png,IIMNY
captcha_20260712180433.png,JPRIH
captcha_20260712180637.png,PVXCP
captcha_20260712180833.png,DFCCC
captcha_20260712181434.png,CFBGZ
captcha_20260712181632.png,WUJZE
captcha_20260712181832.png,IZMFS
captcha_20260712182040.png,ESJMN
captcha_20260712182042.png,LKEWF
captcha_20260712182234.png,LVNFX
captcha_20260712182434.png,JCTBP
captcha_20260712182636.png,IBTNJ
captcha_20260712182835.png,JMYEH
captcha_20260712182837.png,EXRNB
captcha_20260712183037.png,GQXGP
captcha_20260712183238.png,MPDFC
captcha_20260712183438.png,RJIKN
captcha_20260712183635.png,MXZHC
captcha_20260712183833.png,LGFMC
captcha_20260712184036.png,LMEZY
captcha_20260712184232.png,FSYSE
captcha_20260712184434.png,IRNEC
captcha_20260712184634.png,BHTEW
captcha_20260712190036.png,MDXUI
captcha_20260712190234.png,PHKYF
captcha_20260712190432.png,ECVDE
captcha_20260712190433.png,YMQIL
captcha_20260712190637.png,JWTJR
captcha_20260712190638.png,QKJHR
captcha_20260712190842.png,HUCVK
captcha_20260712190844.png,VGXGC
captcha_20260712191056.png,MHBSZ
captcha_20260712191100.png,NQPYV
captcha_20260712191245.png,EMHMW
captcha_20260712191438.png,QTBLE
captcha_20260712191441.png,ZRYCT
captcha_20260712191645.png,HQCCL
captcha_20260712191841.png,INSSS
captcha_20260712192037.png,SNXDZ
captcha_20260712192234.png,WWHSH
captcha_20260712192433.png,HXXZJ
captcha_20260712192632.png,SCTGG
captcha_20260712192838.png,HEFUD
captcha_20260712193036.png,FUWCT
captcha_20260712193233.png,UULDX
captcha_20260712193432.png,VNDNU
captcha_20260712193631.png,CRTGD
captcha_20260712193834.png,MHMDL
captcha_20260712194036.png,TJQRH
captcha_20260712201036.png,TVMUS
captcha_20260712201837.png,BRQHP
captcha_20260712202035.png,EDYTZ
captcha_20260712202235.png,JDUES
captcha_20260712202432.png,WQZDF
captcha_20260712202632.png,BMGMM
captcha_20260712202840.png,ICDCP
captcha_20260712203042.png,GPYDZ
captcha_20260712223231.png,UYNLT
captcha_20260712223241.png,YJTJU
captcha_20260712223432.png,GPZDD
captcha_20260712223433.png,DQQHZ
captcha_20260712223634.png,DSTPQ
captcha_20260712223835.png,CJJNY
captcha_20260712223839.png,YDNIX
captcha_20260712224047.png,RNHRJ
captcha_20260712224051.png,HFRRB
captcha_20260712224242.png,EYJBN
captcha_20260712224245.png,ZZMBM
captcha_20260712224437.png,WFMEF
captcha_20260712224442.png,UJUJU
captcha_20260712224637.png,VGUVG
captcha_20260712224649.png,ZRVFS
captcha_20260712224837.png,RPQLP
captcha_20260712224842.png,XEXZJ
captcha_20260712225052.png,ITJWK
captcha_20260712225235.png,JDVRQ
captcha_20260712225241.png,YQMTL
captcha_20260712225435.png,HDUFS
captcha_20260712225442.png,FDSRM
captcha_20260713005631.png,BKETK
captcha_20260713005632.png,PTGBX
captcha_20260713005829.png,KHDTB
captcha_20260713005832.png,QICYU
captcha_20260713010035.png,DJHJN
captcha_20260713010039.png,USHNS
captcha_20260713010235.png,SVMVP
captcha_20260713010237.png,FWQEY
captcha_20260713010443.png,DTJZJ
captcha_20260713010444.png,BYFXM
captcha_20260713010634.png,HGWVJ
captcha_20260713010637.png,PCEGI
captcha_20260713010835.png,HXLJS
captcha_20260713010839.png,CMTTT
captcha_20260713011043.png,BJXUJ
captcha_20260713011046.png,QPFEE
captcha_20260713011244.png,VLQNC
captcha_20260713011444.png,PVZIP
captcha_20260713011446.png,PQNSW
captcha_20260713011637.png,GTCUC
captcha_20260713011642.png,BTJEU
captcha_20260713011851.png,NLXLB
captcha_20260713011852.png,EYIIE
captcha_20260713012053.png,MGRKV
captcha_20260713012058.png,MQVZS
captcha_20260713012254.png,VWVUI
captcha_20260713012449.png,HBDLD
captcha_20260713012450.png,MQFQQ
captcha_20260713012716.png,CUKWI
captcha_20260713012717.png,GHEMT
captcha_20260713012900.png,XVETE
captcha_20260713012906.png,PMLCE
captcha_20260713013116.png,FMTQZ
captcha_20260713013117.png,BPHUX
captcha_20260713013257.png,RRKMR
captcha_20260713013452.png,XHIDR
captcha_20260713013455.png,DGELL
captcha_20260713013655.png,MEQYF
captcha_20260713013656.png,BBRDJ
captcha_20260713013911.png,RXCKJ
captcha_20260713013914.png,GQTQE
captcha_20260713014114.png,LVXUV
captcha_20260713014115.png,MIQVH
captcha_20260713014243.png,ZPZHT
captcha_20260713014436.png,RDLVH
captcha_20260713014633.png,GKCDK
captcha_20260713014836.png,XPHYM
captcha_20260713015041.png,EVUYD
captcha_20260713015232.png,JTPWR
captcha_20260713015432.png,KECZT
captcha_20260713015631.png,WZSCU
captcha_20260713015831.png,JMTUE
captcha_20260713020045.png,DCFIM
captcha_20260713020235.png,ECJZT
captcha_20260713020434.png,QFVYC
captcha_20260713020634.png,HRCLS
captcha_20260713020639.png,TSKHK
captcha_20260713020835.png,ZEURY
captcha_20260713021043.png,YIZDX
captcha_20260713021231.png,IYXJP
captcha_20260713021432.png,GJQCE
captcha_20260713022039.png,GMQNE
captcha_20260713023631.png,EKZLP
captcha_20260713024231.png,BCENS
captcha_20260713030037.png,WQHIN
captcha_20260713030230.png,VPRUY
captcha_20260713030432.png,HITNG
captcha_20260713030633.png,GNVDR
captcha_20260713030634.png,XQVUJ
captcha_20260713030838.png,XGXMF
captcha_20260713030840.png,KTZJC
captcha_20260713031042.png,SQUDY
captcha_20260713031044.png,ZMDLR
captcha_20260713031523.png,XBHVM
captcha_20260713031527.png,HWLLH
captcha_20260713031845.png,WCSJW
captcha_20260713031846.png,MYMSE
captcha_20260713032431.png,NIHET
captcha_20260713032435.png,GIXMH
captcha_20260713032500.png,CWJMT
captcha_20260713032603.png,PUTUG
captcha_20260713032853.png,EXIYH
captcha_20260713032855.png,GEGVK
captcha_20260713034645.png,VSBFF
captcha_20260713034646.png,JZSBB
captcha_20260713034647.png,LNLPW
captcha_20260713034648.png,TKSTP
captcha_20260713034653.png,PHDSN
captcha_20260713034731.png,RTPVR
captcha_20260713034935.png,WWIBF
captcha_20260713035134.png,TDTQF
captcha_20260713035429.png,UMIGY
captcha_20260713035630.png,QUQQC
captcha_20260713035833.png,FGEFS
captcha_20260713040040.png,SNSJW
captcha_20260713040632.png,VFZLU
captcha_20260713040830.png,XNPCX
captcha_20260713041034.png,GUNXT
captcha_20260713041231.png,PTBNT
captcha_20260713041434.png,VRZWR
captcha_20260713041629.png,FHLNM
captcha_20260713041831.png,QTYZB
captcha_20260713042034.png,ETSKI
captcha_20260713042231.png,JTFZQ
captcha_20260713042435.png,KLSNM
captcha_20260713042633.png,TTXJZ
captcha_20260713042834.png,SPBSU
captcha_20260713043036.png,VUHQH
captcha_20260713043233.png,QTUDD
captcha_20260713043430.png,ZSIYZ
captcha_20260713043633.png,WDHBK
captcha_20260713043832.png,LTKVN
captcha_20260713044036.png,GNPEV
captcha_20260713044232.png,CNEKM
captcha_20260713044433.png,WLGBF
captcha_20260713044634.png,YZHRC
captcha_20260713044834.png,NBHDK
captcha_20260713045035.png,MEPWF
captcha_20260713045244.png,MKXUP
captcha_20260713045432.png,MMBSI
captcha_20260713045631.png,GJMWR
captcha_20260713045831.png,YURHQ
captcha_20260713050035.png,PHRLZ
captcha_20260713050232.png,ZGKZJ
captcha_20260713050433.png,HMYEM
captcha_20260713050632.png,ULMLM
captcha_20260713050833.png,XBMRC
captcha_20260713051036.png,BLKRE
captcha_20260713051233.png,MNBVF
captcha_20260713051437.png,FGIPE
captcha_20260713051636.png,IQRUF
captcha_20260713051832.png,CNPRD
captcha_20260713052034.png,WCCIY
captcha_20260713052234.png,BPBZJ
captcha_20260713052433.png,PNMNR
captcha_20260713052633.png,FWHII
captcha_20260713052834.png,FBPUU
captcha_20260713053037.png,FHBIR
captcha_20260713053234.png,BKMSY
captcha_20260713053434.png,VLFUD
captcha_20260713053634.png,BMXLC
captcha_20260713053834.png,XZCJD
captcha_20260713054037.png,FQFQH
captcha_20260713054242.png,IBEWE
captcha_20260713054243.png,GVIMX
captcha_20260713054438.png,HRNIB
captcha_20260713054440.png,UEIRK
captcha_20260713054636.png,YZMLJ
captcha_20260713054637.png,XMGIV
captcha_20260713054835.png,HKNFE
captcha_20260713055040.png,DSMBL
captcha_20260713055041.png,JVDMQ
captcha_20260713055235.png,VMCHR
captcha_20260713055236.png,IJIWT
captcha_20260713055439.png,QNQHT
captcha_20260713055440.png,NDFYL
captcha_20260713055642.png,UEPQS
captcha_20260713055645.png,JSTKD
captcha_20260713055843.png,DUUKQ
captcha_20260713060046.png,LPHCB
captcha_20260713060241.png,MWGHC
captcha_20260713061034.png,TQGQZ
captcha_20260713061833.png,KWJSN
captcha_20260713062035.png,GLUZI
captcha_20260713062832.png,HVCGX
captcha_20260713063037.png,XBCHK
captcha_20260713063831.png,RNDKB
captcha_20260713064631.png,XVKRD
captcha_20260713065632.png,EMBKF
captcha_20260713065833.png,WGULV
captcha_20260713070233.png,HSPNR
captcha_20260713070432.png,WUKFL
captcha_20260713070631.png,HDCTU
captcha_20260713070834.png,TLSKT
captcha_20260713071043.png,UYFVK
captcha_20260713071832.png,ZPNJB
captcha_20260713072039.png,JWPPO
captcha_20260713072233.png,WIVLS
captcha_20260713072434.png,WJEBD
captcha_20260713072637.png,NJQZQ
captcha_20260713072836.png,TTDKQ
captcha_20260713073037.png,PXTSO
captcha_20260713073832.png,JINMM
captcha_20260713074035.png,LZVRG
captcha_20260713074233.png,SYJNJ
captcha_20260713074431.png,KLPUL
captcha_20260713074632.png,QMMLJ
captcha_20260713074831.png,TIKEJ
captcha_20260713081430.png,WWLTI
captcha_20260713082034.png,SVQVV
captcha_20260713082631.png,QQMUV
captcha_20260713085632.png,PUVNK
captcha_20260713090432.png,NQGVX
captcha_20260713090633.png,NIMKB
captcha_20260713090832.png,PPRKU
captcha_20260713091036.png,DTBQE
captcha_20260713091232.png,FEVUX
captcha_20260713091432.png,BEZIH
captcha_20260713091634.png,RKUQN
captcha_20260713091832.png,RJFEZ
captcha_20260713092038.png,VUEXK
captcha_20260713092236.png,BMMCR
captcha_20260713092435.png,XUPQI
captcha_20260713092640.png,RJHVL
captcha_20260713092836.png,VNBFX
captcha_20260713093235.png,RWVMM
captcha_20260713093436.png,UDLPB
captcha_20260713095829.png,GWSSD
captcha_20260713100833.png,MPFZM
captcha_20260713101431.png,KPCSC
captcha_20260713102631.png,YIDDM
captcha_20260713102830.png,DPUBD
captcha_20260713104431.png,ULVMD
captcha_20260713105033.png,LJUBW
captcha_20260713105432.png,NQMSI
captcha_20260713105830.png,JUNUY
captcha_20260713110631.png,PPUKX
captcha_20260713111231.png,URVGH
captcha_20260713111434.png,EKPQG
captcha_20260713111637.png,NHJCL
captcha_20260713111839.png,VWRTP
captcha_20260713112034.png,FJTMQ
captcha_20260713112231.png,YWTGI
captcha_20260713112433.png,YZCXH
captcha_20260713112631.png,CBPDU
captcha_20260713112833.png,TBSSV
captcha_20260713113036.png,ZCQXF
captcha_20260713113236.png,IURKQ
captcha_20260713113432.png,LEHRJ
captcha_20260713113632.png,UIQXM
captcha_20260713113833.png,MLXRR
captcha_20260713114035.png,BDCYG
captcha_20260713114248.png,GSMFP
captcha_20260713114433.png,TDNZU
captcha_20260713114636.png,JRXGI
captcha_20260713114834.png,SXDIJ
captcha_20260713115035.png,WBTQM
captcha_20260713115248.png,DGQGE
captcha_20260713115441.png,YVXHK
captcha_20260713115631.png,UWNUX
captcha_20260713115838.png,KYBSZ
captcha_20260713120036.png,ZZTWT
captcha_20260713120234.png,SZENM
captcha_20260713120436.png,FBGRR
captcha_20260713120637.png,VXZIC
captcha_20260713120833.png,MILUF
captcha_20260713121036.png,SYNIP
captcha_20260713121231.png,PFQQY
captcha_20260713121438.png,VEZRU
captcha_20260713121631.png,WGEPK
captcha_20260713121840.png,QENLS
captcha_20260713122042.png,HECMM
captcha_20260713122235.png,WNEYH
captcha_20260713122433.png,RMBHW
captcha_20260713122634.png,LSEQD
captcha_20260713122832.png,IPYLC
captcha_20260713123044.png,NBVUL
captcha_20260713124044.png,NKMKF
captcha_20260713130035.png,PRSUW
captcha_20260713131830.png,YMNLB
captcha_20260713132034.png,JNVHS
captcha_20260713132632.png,FJFLB
captcha_20260713134631.png,KFHYE
captcha_20260713134832.png,XMUJM
captcha_20260713135035.png,CVMMF
captcha_20260713135231.png,NKFEE
captcha_20260713135432.png,DFEDH
captcha_20260713135633.png,TUGMR
captcha_20260713140431.png,RXFFB
captcha_20260713140630.png,PZNFM
captcha_20260713141431.png,LPNRH
captcha_20260713141629.png,IGKFV
captcha_20260713142832.png,BTDZP
captcha_20260713144033.png,SVHSL
captcha_20260713145034.png,PKTIW
captcha_20260713145831.png,GXXQB
captcha_20260713150633.png,LECWS
captcha_20260713152233.png,TNSNE
captcha_20260713155431.png,IWGZI
captcha_20260713155645.png,PSHPJ
captcha_20260713155842.png,KEPVF
captcha_20260713160243.png,LKMSR
captcha_20260713160441.png,IWNEE
captcha_20260713160641.png,DKQXW
captcha_20260713161252.png,EISNF
captcha_20260713163645.png,VNSGM
captcha_20260713163845.png,FNYYB
captcha_20260713171149.png,XNCIY
captcha_20260713195230.png,TRGZU
captcha_20260714005236.png,JNSQL
captcha_20260714011233.png,DCQWT
captcha_20260714013035.png,GIPGU
captcha_20260714013231.png,SVRVK
captcha_20260714015829.png,YQRLV
captcha_20260714020434.png,UQJEN
captcha_20260714021435.png,JYYQR
captcha_20260714022436.png,DURIG
captcha_20260714023232.png,RRSNP
captcha_20260714023635.png,CHNSH
captcha_20260714024234.png,HCHSU
captcha_20260714024432.png,ZIDXD
captcha_20260714024636.png,DTKPG
captcha_20260714024834.png,CVXSY
captcha_20260714025039.png,JGKHS
captcha_20260714025234.png,GJGQG
captcha_20260714025432.png,DWIKJ
captcha_20260714031051.png,XDSSN
captcha_20260714034041.png,UYVZR
captcha_20260714035634.png,YUIVZ
captcha_20260714042631.png,VIFME
captcha_20260714043431.png,MGQJE
captcha_20260714044631.png,DQTTU
captcha_20260714050630.png,SGWNE
captcha_20260714050837.png,LPUXV
captcha_20260714054434.png,PRWVX
captcha_20260714054832.png,WNQDN
captcha_20260714055829.png,THEHP
captcha_20260714062034.png,BVHZZ
captcha_20260714062831.png,KLWNU
captcha_20260714064036.png,MFPQG
captcha_20260714064233.png,IKEKR
captcha_20260714064434.png,DYVWW
captcha_20260714064632.png,SITGW
captcha_20260714064833.png,UJEUD
captcha_20260714065036.png,NXVXM
captcha_20260714065236.png,GNNVZ
captcha_20260714065434.png,JTKNW
captcha_20260714065633.png,ERBMT
captcha_20260714065844.png,HIGIY
captcha_20260714070037.png,ZRXRM
captcha_20260714070249.png,RHZJB
captcha_20260714070436.png,WTBJW
captcha_20260714070633.png,TBWSC
captcha_20260714070834.png,PLDSV
captcha_20260714071037.png,PUTPG
captcha_20260714071240.png,TSZJC
captcha_20260714071441.png,RFSEB
captcha_20260714071634.png,IUJUG
captcha_20260714073639.png,NYIZL
captcha_20260714073840.png,FECXG
captcha_20260714074039.png,IBTWE
captcha_20260714074236.png,SHILW
captcha_20260714074441.png,VMZDL
captcha_20260714074632.png,NDPXU
captcha_20260714074838.png,ZBNSI
captcha_20260714075044.png,VJFML
captcha_20260714075247.png,XFJJR
captcha_20260714075435.png,YFTHL
captcha_20260714075637.png,SMVDE
captcha_20260714075842.png,VYQUV
captcha_20260714080238.png,QDSEL
captcha_20260714081636.png,WQLJS
captcha_20260714081839.png,YJYUJ
captcha_20260714082036.png,FPBLD
captcha_20260714082247.png,HNRPF
captcha_20260714082437.png,ZNMWF
captcha_20260714082636.png,DYMGL
captcha_20260714082836.png,UDSPU
captcha_20260714083635.png,NKQTT
captcha_20260714084437.png,HUCSG
captcha_20260714084632.png,VJWUW
captcha_20260714084834.png,ZRFIU
captcha_20260714085041.png,FKERN
captcha_20260714085234.png,QKTUB
captcha_20260714085437.png,WBJJQ
captcha_20260714085641.png,KSTWS
captcha_20260714085832.png,IIIWI
captcha_20260714090633.png,MZDHH
captcha_20260714091036.png,ZPPUL
captcha_20260714091232.png,MFMLS
captcha_20260714091436.png,ZMJFH
captcha_20260714091633.png,HKCTB
captcha_20260714092038.png,XKWMV
captcha_20260714092233.png,BTQDH
captcha_20260714092433.png,DBNVY
captcha_20260714092835.png,ECMQC
captcha_20260714093837.png,ULCTD
captcha_20260714094039.png,JISCB
captcha_20260714094236.png,UUNTP
captcha_20260714094438.png,YDWCE
captcha_20260714094637.png,GBPUE
captcha_20260714094836.png,ZMJKV
captcha_20260714095039.png,YLJMJ
captcha_20260714095239.png,TBVFY
captcha_20260714095436.png,DULBI
captcha_20260714095636.png,MMLQW
captcha_20260714095838.png,UECVS
captcha_20260714100037.png,INLVP
captcha_20260714100235.png,RBRYK
captcha_20260714100432.png,DKRFD
captcha_20260714100635.png,FYPSK
captcha_20260714100837.png,RZKBT
captcha_20260714101036.png,CVMZC
captcha_20260714101233.png,PMTEZ
captcha_20260714101434.png,QPKBP
captcha_20260714101830.png,KZQUN
captcha_20260714102037.png,EZLXS
captcha_20260714103036.png,HQLYC
captcha_20260714103230.png,ZRFYY
captcha_20260714103429.png,PCBVM
captcha_20260714103629.png,LLRYB
captcha_20260714103829.png,UWSNK
captcha_20260714105431.png,ULXPT
captcha_20260714110232.png,VKGDD
captcha_20260714111233.png,EHBWR
captcha_20260714111435.png,CJRMC
captcha_20260714111638.png,BJZSZ
captcha_20260714111836.png,HXHWJ
captcha_20260714112038.png,XLWIY
captcha_20260714112232.png,KRDGC
captcha_20260714112435.png,CCTVK
captcha_20260714112633.png,LEJTV
captcha_20260714113034.png,BUWNL
captcha_20260714113433.png,TTPXS
captcha_20260714114632.png,WXILZ
captcha_20260714120233.png,MZPLJ
captcha_20260714120632.png,ZFNCR
captcha_20260714120833.png,LEFDQ
captcha_20260714121037.png,FRXWT
captcha_20260714121239.png,CLGSC
captcha_20260714121433.png,CCVSG
captcha_20260714121632.png,IJUUY
captcha_20260714121834.png,BRKJB
captcha_20260714122038.png,XSBHX
captcha_20260714122235.png,WNNID
captcha_20260714122434.png,HTYMZ
captcha_20260714122634.png,LNTQN
captcha_20260714122831.png,SVITW
captcha_20260714123036.png,WQRTJ
captcha_20260714123235.png,WHVYP
captcha_20260714123432.png,FLCJK
captcha_20260714123633.png,YSZCB
captcha_20260714123832.png,BSMMG
captcha_20260714124035.png,JBBBS
captcha_20260714124231.png,SWLBJ
captcha_20260714124430.png,LLDWK
captcha_20260714124631.png,UNBGY
captcha_20260714124833.png,PNWGL
captcha_20260714125034.png,CNXIV
captcha_20260714125233.png,FPHLR
captcha_20260714125432.png,MNTTI
captcha_20260714125632.png,CCXDQ
captcha_20260714125832.png,UQNNI
captcha_20260714131832.png,HKXBX
captcha_20260714132231.png,VNVEU
captcha_20260714132430.png,WNZJR
captcha_20260714133430.png,QNSCJ
captcha_20260714134036.png,FRMLB
captcha_20260714134431.png,WIJWE
captcha_20260714140831.png,DTSNC
captcha_20260714141431.png,LYIWW
captcha_20260714141832.png,INNUC
captcha_20260714142231.png,JXIZC
captcha_20260714143432.png,UWWNV
captcha_20260714143631.png,QXNPD
captcha_20260714143832.png,TQEYL
captcha_20260714144036.png,WCSUP
captcha_20260714144232.png,TSFQP
captcha_20260714144235.png,NDPDM
captcha_20260714144431.png,EBFTP
captcha_20260714144630.png,LMNDK
captcha_20260714144835.png,MCVRU
captcha_20260714145046.png,YSNOW
captcha_20260714145231.png,IUETC
captcha_20260714145431.png,MDXCG
captcha_20260714145631.png,TUVYZ
captcha_20260714150039.png,VNVPT
captcha_20260714150232.png,TVDTB
captcha_20260714150433.png,ZVPLQ
captcha_20260714151832.png,PGHGH
captcha_20260714153035.png,MPEJH
captcha_20260714154431.png,BJRKY
captcha_20260714154830.png,NUIGU
captcha_20260714162856.png,KGTMW
captcha_20260714163106.png,DUZJB
captcha_20260714163505.png,CJPFD
captcha_20260714163734.png,RNVBP
captcha_20260714163917.png,JKZVF
captcha_20260714164106.png,KDUVU
captcha_20260714164322.png,DKPTC
captcha_20260714164623.png,EDXRY
captcha_20260714164806.png,KBSIR
captcha_20260714164939.png,TUBJZ
captcha_20260714165127.png,XRPDS
captcha_20260714165526.png,JWPMF
captcha_20260714165849.png,KDBVP
captcha_20260714170055.png,QGTMC
captcha_20260714170325.png,KWSQP
captcha_20260714171646.png,RPMUM
captcha_20260714185637.png,TYIHG
captcha_20260714185835.png,JNYTS
captcha_20260714190037.png,MPHVQ
captcha_20260714190233.png,PDXMZ
captcha_20260714190434.png,MWWGP
captcha_20260714190632.png,TPIVG
captcha_20260714190832.png,QPFKT
captcha_20260714191042.png,PVSXB
captcha_20260714191232.png,NMYDT
captcha_20260714191434.png,LMSSF
captcha_20260714191635.png,ZLTBB
captcha_20260714191835.png,KQQQY
captcha_20260714192039.png,EQMJF
captcha_20260714192232.png,EHRBB
captcha_20260714192437.png,EYERR
captcha_20260714192636.png,ULSIW
captcha_20260714192842.png,PGXRG
captcha_20260714193039.png,JFXWJ
captcha_20260714193242.png,ZSZMV
captcha_20260714193438.png,VRCJG
captcha_20260714193634.png,IISVF
captcha_20260714193831.png,ZVFQH
captcha_20260714194059.png,KDWKP
captcha_20260714194235.png,NWMGQ
captcha_20260714194434.png,QGYHZ
captcha_20260714204433.png,XFSVB
captcha_20260714204834.png,QRJJW
captcha_20260714211430.png,NGPEF
captcha_20260714211631.png,ZSXMU
captcha_20260714211832.png,ICVGI
captcha_20260714212038.png,URLMJ
captcha_20260714212231.png,YTQXW
captcha_20260714212431.png,YCNTX
captcha_20260714212632.png,ZIDPM
captcha_20260714212835.png,LNUUJ
captcha_20260714213037.png,ULGZV
captcha_20260714213233.png,SPXIP
captcha_20260714213433.png,FJWIJ
captcha_20260714213633.png,IHCMS
captcha_20260714213832.png,UBVIC
captcha_20260714214036.png,UZVHU
captcha_20260714214230.png,FWQNT
captcha_20260714214431.png,NCMVM
captcha_20260714214630.png,UMVBJ
captcha_20260714214842.png,MYVXR
captcha_20260714215035.png,TCUTI
captcha_20260714215237.png,XDCSM
captcha_20260714221434.png,RCXBJ
captcha_20260714222434.png,UHDSM
captcha_20260714231838.png,QYGFQ
captcha_20260714232035.png,NWZMG
captcha_20260714232234.png,BSRXZ
captcha_20260714232431.png,DZHUH
captcha_20260714232637.png,KLVLK
captcha_20260714232841.png,BRIJQ
captcha_20260714233042.png,KLNUW
captcha_20260714233233.png,IUTMI
captcha_20260714233430.png,CPFEN
captcha_20260714233701.png,EBZTK
captcha_20260714233837.png,QGLKF
captcha_20260714234034.png,UGEYU
captcha_20260714234233.png,HZHHP
captcha_20260714234439.png,ETVPT
captcha_20260714234634.png,GIWKE
captcha_20260714234840.png,TCDLJ
captcha_20260714235034.png,FQKCD
captcha_20260714235230.png,FEWKB
captcha_20260714235444.png,KCHTK
captcha_20260714235639.png,LTCDR
captcha_20260714235831.png,VNIET
captcha_20260715000046.png,KZQUY
captcha_20260715000236.png,PINHB
captcha_20260715000429.png,URYUU
captcha_20260715000634.png,UNTCC
captcha_20260715000835.png,WETJU
captcha_20260715001042.png,TCSRX
captcha_20260715001230.png,WFSGQ
captcha_20260715001431.png,KIIHH
captcha_20260715002840.png,ZZFVF
captcha_20260715003032.png,GPUEW
captcha_20260715003232.png,MNNMJ
captcha_20260715004232.png,IQDUS
captcha_20260715012229.png,QMKXZ
captcha_20260715012434.png,JCGTV
captcha_20260715012631.png,XJICI
captcha_20260715012834.png,DINEC
captcha_20260715013039.png,JQGTU
captcha_20260715013234.png,XMWQK
captcha_20260715013442.png,JCGBG
captcha_20260715013634.png,UTNES
captcha_20260715013830.png,HSWPN
captcha_20260715014033.png,BWPBK
captcha_20260715014231.png,ZTCML
captcha_20260715014433.png,TYZFY
captcha_20260715014631.png,FBHXM
captcha_20260715014831.png,QGLNH
captcha_20260715035035.png,BCSXJ
captcha_20260715035036.png,RSPTT
captcha_20260715035233.png,QRHQV
captcha_20260715035234.png,BYNFT
captcha_20260715035435.png,CFJRG
captcha_20260715035445.png,XYKWF
captcha_20260715035638.png,LTLFT
captcha_20260715035836.png,CUSJG
captcha_20260715035838.png,WRIID
captcha_20260715040037.png,CGJPS
captcha_20260715040054.png,ZBMJT
captcha_20260715040233.png,JYRFW
captcha_20260715040235.png,BIUKP
captcha_20260715040438.png,PBWNY
captcha_20260715041236.png,NFYSB
captcha_20260715043645.png,DUQUD
captcha_20260715050433.png,TGNEK
captcha_20260715052631.png,FPMJV
captcha_20260715053634.png,UJQBI
captcha_20260715055230.png,QIXPQ
captcha_20260715055436.png,JNQIE
captcha_20260715055638.png,QEXZM
captcha_20260715055646.png,MBMCI
captcha_20260715055834.png,XMMPU
captcha_20260715055844.png,ZSEZK
captcha_20260715060042.png,IIZUY
captcha_20260715060237.png,KEMHN
captcha_20260715060439.png,RTCJB
captcha_20260715060635.png,IIGIE
captcha_20260715060833.png,QJUGX
captcha_20260715061052.png,MWDEN
captcha_20260715061240.png,YFVKU
captcha_20260715061437.png,RNMCZ
captcha_20260715061633.png,FCZHB
captcha_20260715061832.png,LLVSL
captcha_20260715062035.png,PVERI
captcha_20260715062231.png,IPYCZ
captcha_20260715062431.png,BNRVT
captcha_20260715062633.png,VXDRN
captcha_20260715062834.png,TPVMM
captcha_20260715063038.png,SNIGZ
captcha_20260715063245.png,SNSCT
captcha_20260715063435.png,NEWHS
captcha_20260715063636.png,NCERW
captcha_20260715072638.png,NQBFT
captcha_20260715073433.png,ENNDF
captcha_20260715073833.png,WRMCB
captcha_20260715075233.png,KFPCP
captcha_20260715080632.png,RZSSU
captcha_20260715080832.png,ZGKGN
captcha_20260715081041.png,UFQYV
captcha_20260715081239.png,JCTFY
captcha_20260715081439.png,QDWJF
captcha_20260715081837.png,DFDHS
captcha_20260715082049.png,WGUZP
captcha_20260715082434.png,YVJZT
captcha_20260715082633.png,NTTCZ
captcha_20260715082832.png,MCGUL
captcha_20260715083632.png,SZTLR
captcha_20260715083832.png,SQTJP
captcha_20260715084042.png,BGQHN
captcha_20260715084250.png,STERB
captcha_20260715084431.png,DMXTS
captcha_20260715084630.png,KWWKL
captcha_20260715084844.png,QHWTX
captcha_20260715085037.png,LKSFM
captcha_20260715085236.png,DYMGB
captcha_20260715085435.png,XSTYG
captcha_20260715085633.png,ELTIW
captcha_20260715085841.png,YFFSV
captcha_20260715090036.png,GGPRX
captcha_20260715090233.png,YZWKS
captcha_20260715090432.png,TJLUL
captcha_20260715090633.png,TBKVX
captcha_20260715092233.png,IXPKN
captcha_20260715094233.png,ZMMTN
captcha_20260715094433.png,GQPEW
captcha_20260715094633.png,BNVHZ
captcha_20260715094831.png,JQULU
captcha_20260715095035.png,BSGDG
captcha_20260715095234.png,XHYPV
captcha_20260715095433.png,DLFJI
captcha_20260715095631.png,PIQEL
captcha_20260715095831.png,JSLJG
captcha_20260715100035.png,UVXRX
captcha_20260715100233.png,NGNPB
captcha_20260715100433.png,IFPYK
captcha_20260715100632.png,XVCCJ
captcha_20260715100837.png,JWPBZ
captcha_20260715101041.png,SUPUW
captcha_20260715101243.png,STSSG
captcha_20260715101434.png,YETFT
captcha_20260715101638.png,VGFHG
captcha_20260715101831.png,JHNZY
captcha_20260715102037.png,ZBHSL
captcha_20260715102234.png,UKRUY
captcha_20260715102436.png,RCCCM
captcha_20260715102635.png,DXVRG
captcha_20260715102834.png,GBBHN
captcha_20260715103234.png,BPGRG
captcha_20260715103635.png,IFEQW
captcha_20260715105231.png,LDSFL
captcha_20260715105442.png,UWQML
captcha_20260715105631.png,SBSHZ
captcha_20260715105831.png,JSKXP
captcha_20260715110036.png,ZNITE
captcha_20260715112057.png,NNBWF
captcha_20260715112229.png,UMICL
captcha_20260715112443.png,XFGKR
captcha_20260715112647.png,YKWPK
captcha_20260715112829.png,RGZJD
captcha_20260715113034.png,WNJGB
captcha_20260715113231.png,XWIBR
captcha_20260715113431.png,RZCBK
captcha_20260715113631.png,LLBBX
captcha_20260715113832.png,BNXDU
captcha_20260715114040.png,BEPSY
captcha_20260715114240.png,FFMRR
captcha_20260715114437.png,SXJWR
captcha_20260715114637.png,JQVGM
captcha_20260715114831.png,YNUIS
captcha_20260715115043.png,CBPBS
captcha_20260715115232.png,CRDIG
captcha_20260715115431.png,PQRMX
captcha_20260715115638.png,CVEZB
captcha_20260715115832.png,DHIUU
captcha_20260715120040.png,MIMRE
captcha_20260715120240.png,GIILD
captcha_20260715120441.png,GKRZS
captcha_20260715120630.png,WZIYF
captcha_20260715120839.png,WTTFE
captcha_20260715121040.png,FNIMR
captcha_20260715122033.png,FUWIW
captcha_20260715122234.png,GCPRI
captcha_20260715122436.png,EGRCP
captcha_20260715122637.png,HFHYC
captcha_20260715123833.png,VYCGH
captcha_20260715124435.png,VWDTV
captcha_20260715124642.png,JHGNW
captcha_20260715125639.png,XSYUB
captcha_20260715125835.png,KQQUT
captcha_20260715130044.png,FRSQL
captcha_20260715130232.png,TLGMR
captcha_20260715130437.png,WCGZV
captcha_20260715130637.png,MMKYF
captcha_20260715130834.png,YJNIQ
captcha_20260715131038.png,DHPUI
captcha_20260715131236.png,IKSQY
captcha_20260715131432.png,DDWYL
captcha_20260715131633.png,VZFJS
captcha_20260715131833.png,UMSXN
captcha_20260715132235.png,LLWCW
captcha_20260715132434.png,WDCUH
captcha_20260715132632.png,TIUHU
captcha_20260715132837.png,GGFEC
captcha_20260715133038.png,LQVQG
captcha_20260715133233.png,NSKSK
captcha_20260715133432.png,LPYWT
captcha_20260715133642.png,PZGYH
captcha_20260715133833.png,MEGZV
captcha_20260715134040.png,WTSJC
captcha_20260715134244.png,INBDI
captcha_20260715134438.png,VDNKR
captcha_20260715134642.png,SJHMK
captcha_20260715134835.png,IBLHH
captcha_20260715135035.png,MCIIY
captcha_20260715135235.png,VCYPU
captcha_20260715135437.png,VLFNC
captcha_20260715135635.png,URGLY
captcha_20260715135833.png,ZDXQV
captcha_20260715140040.png,LXCKY
captcha_20260715140236.png,LQVIE
captcha_20260715140434.png,SYMST
captcha_20260715142232.png,QHHGL
captcha_20260715145436.png,SZIQR
captcha_20260715151232.png,FRJFX
captcha_20260715151430.png,LMXIT
captcha_20260715151628.png,ENSMF
captcha_20260715151832.png,XVCIK
captcha_20260715152034.png,FKUVZ
captcha_20260715152247.png,YLYPW
captcha_20260715152432.png,YVGVL
captcha_20260715152634.png,SWIDW
captcha_20260715152834.png,MUZEZ
captcha_20260715153033.png,PSISU
captcha_20260715153231.png,NGPVC
captcha_20260715153442.png,GXWKR
captcha_20260715153633.png,TYHKN
captcha_20260715153834.png,ZBUUF
captcha_20260715154040.png,BMFWL
captcha_20260715155433.png,XGHCS
captcha_20260715155629.png,PECNC
captcha_20260715161852.png,VHIFJ
captcha_20260715164645.png,UWJUL
captcha_20260715164850.png,YWINB
captcha_20260715171444.png,JXNDP
captcha_20260715171657.png,JTCEC
captcha_20260715171917.png,RBSGU
captcha_20260715172049.png,KREDS
captcha_20260715172248.png,UBTIJ
captcha_20260715172531.png,PDZVN
captcha_20260715172653.png,JWGEN
captcha_20260715172945.png,SGDET
captcha_20260715181831.png,EJXET
captcha_20260715183832.png,RUDXK
captcha_20260715230829.png,VGMRG
captcha_20260716004641.png,EETUX
captcha_20260716010629.png,FXFZW
captcha_20260716013830.png,NTZPH
captcha_20260716015430.png,ETLII
captcha_20260716023232.png,XYDIR
captcha_20260716023429.png,DEICR
captcha_20260716025231.png,IPLRU
captcha_20260716030831.png,BZRWI
captcha_20260716031637.png,WHMIP
captcha_20260716031837.png,CGMZM
captcha_20260716033232.png,YDJGT
captcha_20260716034434.png,GIZGR
captcha_20260716035632.png,HRFQJ
captcha_20260716040432.png,EJPGZ
captcha_20260716040633.png,MQFSR
captcha_20260716040829.png,DYTEJ
captcha_20260716041033.png,BGCZP
captcha_20260716041230.png,XMJRD
captcha_20260716041429.png,GPRNB
captcha_20260716041633.png,MSVSU
captcha_20260716041833.png,XTYXF
captcha_20260716042231.png,KNNLJ
captcha_20260716042431.png,EPYHN
captcha_20260716043232.png,LJYKB
captcha_20260716043435.png,IWPIJ
captcha_20260716043829.png,IYPXJ
captcha_20260716050633.png,EVGDL
captcha_20260716051232.png,YUNDX
captcha_20260716053831.png,BJMBT
captcha_20260716054038.png,LDIVJ
captcha_20260716060829.png,ZLCNC
captcha_20260716061633.png,THSXD
captcha_20260716061840.png,DSZUE
captcha_20260716062034.png,GZIHG
captcha_20260716062836.png,ZHPZC
captcha_20260716063239.png,ELKTR
captcha_20260716063637.png,RHQRW
captcha_20260716064632.png,EMXPD
captcha_20260716064834.png,CRSMR
captcha_20260716065039.png,LFFBY
captcha_20260716065237.png,FEHEH
captcha_20260716065436.png,GBCDY
captcha_20260716065633.png,JSNVG
captcha_20260716065839.png,TDRIU
captcha_20260716070038.png,KJYZM
captcha_20260716070239.png,TMDGL
captcha_20260716070434.png,LPHBZ
captcha_20260716070632.png,ECMGP
captcha_20260716070836.png,RPHHH
captcha_20260716071034.png,CFQSZ
captcha_20260716071238.png,WCTDJ
captcha_20260716071430.png,SFKYK
captcha_20260716071632.png,GJDVR
captcha_20260716071830.png,LTISE
captcha_20260716072033.png,JELCI
captcha_20260716072231.png,EIKIE
captcha_20260716072832.png,CGBPS
captcha_20260716073439.png,PZIWP
captcha_20260716074631.png,XLLJN
captcha_20260716080432.png,GBRQF
captcha_20260716081432.png,GXVDZ
captcha_20260716083034.png,TEMWJ
captcha_20260716090237.png,XWTSH
captcha_20260716090439.png,SETBJ
captcha_20260716090634.png,KUEBU
captcha_20260716090831.png,IQPWJ
captcha_20260716091040.png,FSTYP
captcha_20260716091234.png,CBRLF
captcha_20260716091433.png,QKEUB
captcha_20260716091632.png,ZYIRL
captcha_20260716091832.png,JYPKR
captcha_20260716092037.png,EBEGV
captcha_20260716092242.png,UITQE
captcha_20260716092435.png,LZWGJ
captcha_20260716092635.png,FSEMU
captcha_20260716092834.png,PPJKB
captcha_20260716093432.png,JYSIV
captcha_20260716093632.png,HPTHL
captcha_20260716094229.png,JCXMC
captcha_20260716094429.png,PZQPJ
captcha_20260716094831.png,GXPXL
captcha_20260716100830.png,HNUVL
captcha_20260716102433.png,EXEQQ
captcha_20260716103832.png,BBTCZ
captcha_20260716104632.png,PLUTB
captcha_20260716110831.png,IDFDZ
captcha_20260716111037.png,CQSJH
captcha_20260716111232.png,NSLTB
captcha_20260716111431.png,QUBTY
captcha_20260716111632.png,YKPUE
captcha_20260716111831.png,VTTXI
captcha_20260716112232.png,UGPQV
captcha_20260716112432.png,KEIDR
captcha_20260716112633.png,NMTLJ
captcha_20260716112839.png,EKHQI
captcha_20260716113041.png,ZSGCQ
captcha_20260716113233.png,SFXXQ
captcha_20260716113434.png,QDSCR
captcha_20260716113633.png,QIJUQ
captcha_20260716113833.png,DIFWP
captcha_20260716114036.png,HPXTB
captcha_20260716114232.png,SMKXI
captcha_20260716114436.png,LEUTL
captcha_20260716114634.png,ELFBZ
captcha_20260716114834.png,CEJKG
captcha_20260716115035.png,UXNWQ
captcha_20260716115234.png,CTVRY
captcha_20260716115435.png,PMYMJ
captcha_20260716115638.png,GUMLL
captcha_20260716115835.png,DVCUG
captcha_20260716120038.png,NDCKS
captcha_20260716120231.png,YSINT
captcha_20260716120433.png,CZXID
captcha_20260716120636.png,BDYMR
captcha_20260716120833.png,LRWYS
captcha_20260716121041.png,KDNJC
captcha_20260716121234.png,LPNWV
captcha_20260716121435.png,MZJZR
captcha_20260716121634.png,XWBZB
captcha_20260716121835.png,RFIWF
captcha_20260716122040.png,FHTID
captcha_20260716122233.png,TTJEB
captcha_20260716122434.png,PHRWI
captcha_20260716123431.png,JXHJK
captcha_20260716124037.png,LCZXD
captcha_20260716124231.png,SSNPU
captcha_20260716131038.png,LBKFM
captcha_20260716131236.png,CNLPJ
captcha_20260716131432.png,RXQHP
captcha_20260716132432.png,BIRDX
captcha_20260716132633.png,DISGL
captcha_20260716132832.png,VIPTH
captcha_20260716133035.png,FMYMU
captcha_20260716133234.png,CEFBM
captcha_20260716133434.png,PQFIE
captcha_20260716133631.png,BYHVC
captcha_20260716133835.png,QLDYW
captcha_20260716134038.png,HMTVB
captcha_20260716134233.png,THBGV
captcha_20260716134433.png,WMLYK
captcha_20260716154634.png,PEGTT
captcha_20260716154638.png,QMXSM
captcha_20260716154832.png,WHUIX
captcha_20260716154837.png,ZINZX
captcha_20260716155040.png,XJZVZ
captcha_20260716155041.png,YIFIW
captcha_20260716155242.png,TRSDR
captcha_20260716155243.png,FXPLK
captcha_20260716155454.png,CLHTN
captcha_20260716155458.png,YNRRH
captcha_20260716155652.png,TWBLN
captcha_20260716155845.png,WQKYJ
captcha_20260716160249.png,EZSTU
captcha_20260716160449.png,ESDYY
captcha_20260716163446.png,BNKCV
captcha_20260716164645.png,CUMRR
captcha_20260716200231.png,MRDUP
captcha_20260716233232.png,KQNQT
captcha_20260717000435.png,TSYMP
captcha_20260717000630.png,CRNUL
captcha_20260717012034.png,VZRIM
captcha_20260717014033.png,WJBRD
captcha_20260717022834.png,STPJL
captcha_20260717023628.png,BHBDB
captcha_20260717024631.png,UQXIF
captcha_20260717024836.png,KDNKI
captcha_20260717025045.png,JHMJM
captcha_20260717025229.png,UDYNM
captcha_20260717025632.png,SFKMR
captcha_20260717031231.png,WWXNH
captcha_20260717031434.png,HXHGN
captcha_20260717032042.png,XLRCB
captcha_20260717034632.png,EVERP
captcha_20260717040229.png,DNXEH
captcha_20260717041628.png,JUYHK
captcha_20260717043033.png,IGGZG
captcha_20260717054428.png,ZDPWP
captcha_20260717063044.png,ZSSEP
captcha_20260717063629.png,BUSTI
captcha_20260717064243.png,GEGLD
captcha_20260717064432.png,GRDIE
captcha_20260717064636.png,NBXNM
captcha_20260717064832.png,RBRGW
captcha_20260717065034.png,RHZKP
captcha_20260717065233.png,IGFBJ
captcha_20260717065433.png,WEWMZ
captcha_20260717065633.png,JSSBQ
captcha_20260717065834.png,KTSIS
captcha_20260717070038.png,WTIYJ
captcha_20260717070233.png,HFXKC
captcha_20260717070437.png,XMXDP
captcha_20260717070640.png,NTMVQ
captcha_20260717070836.png,LZPLP
captcha_20260717071042.png,TSCNI
captcha_20260717071236.png,NFBVB
captcha_20260717072232.png,ZLZDM
captcha_20260717072432.png,VILGW
captcha_20260717072834.png,ZYMRS
captcha_20260717073229.png,CEKFF
captcha_20260717073631.png,DFJPY
captcha_20260717080035.png,BYBVP
captcha_20260717082033.png,NKNBK
captcha_20260717083239.png,UDLFD
captcha_20260717084430.png,JQJLT
captcha_20260717104631.png,FSDBK
captcha_20260717112431.png,SHCJE
captcha_20260717114831.png,BGZWG
captcha_20260717115032.png,DHIRX
captcha_20260717123033.png,GCNCN
captcha_20260717123430.png,ISMFW
captcha_20260717124434.png,IHJZL
captcha_20260717130829.png,BEEYY
captcha_20260717132431.png,CSVFC
captcha_20260717134035.png,LMIKK
captcha_20260717135033.png,LVNQG
captcha_20260717135229.png,TJHJW
captcha_20260717135830.png,ZSEFR
captcha_20260717141229.png,GHRVF
captcha_20260717142829.png,MDJME
captcha_20260717145036.png,GTRKL
captcha_20260717152039.png,VDRWI
captcha_20260717164657.png,FRZTM
captcha_20260717185831.png,WRIYM
captcha_20260717203230.png,GEEGJ
captcha_20260717215436.png,ESZNP
captcha_20260717223033.png,ZYSXR
captcha_20260717233431.png,PHRJI
captcha_20260718002033.png,CFDZD
captcha_20260718002632.png,LLYQJ
captcha_20260718002829.png,PJZEG
captcha_20260718003033.png,UCDZX
captcha_20260718005036.png,RIGJR
captcha_20260718005829.png,TQWWQ
captcha_20260718011032.png,INHVO
captcha_20260718011227.png,PQSWM
captcha_20260718011632.png,NPCLS
captcha_20260718011831.png,GIWES
captcha_20260718013832.png,KSYMC
captcha_20260718014032.png,ZSGSF
captcha_20260718015832.png,KEXEB
captcha_20260718021036.png,IKCID
captcha_20260718021229.png,GISVG
captcha_20260718024033.png,LNTHJ
captcha_20260718025628.png,LDYDW
captcha_20260718031639.png,GYHQH
captcha_20260718031838.png,QCHNN
captcha_20260718032038.png,UIHJY
captcha_20260718032235.png,FZMLS
captcha_20260718032435.png,BBMEV
captcha_20260718032631.png,LELGI
captcha_20260718032833.png,XMTIP
captcha_20260718033040.png,VCXNF
captcha_20260718033233.png,QJIHV
captcha_20260718033434.png,CBQGN
captcha_20260718033635.png,MLLFX
captcha_20260718034630.png,ZYLBQ
captcha_20260718034829.png,ZIYXJ
captcha_20260718035827.png,DHLSE
captcha_20260718041631.png,BUPVD
captcha_20260718042431.png,YNDDD
captcha_20260718043231.png,UFRKD
captcha_20260718043432.png,MVWES
captcha_20260718044431.png,SRRHI
captcha_20260718044629.png,MGIYR
captcha_20260718045229.png,VUKUL
captcha_20260718045429.png,BUCTF
captcha_20260718050035.png,ILEJV
captcha_20260718050432.png,GWPKT
captcha_20260718051433.png,IGRKF
captcha_20260718052436.png,RMBKU
captcha_20260718052631.png,GMEQG
captcha_20260718054228.png,SXWIF
captcha_20260718055831.png,XKGDX
captcha_20260718060835.png,WGEVR
captcha_20260718061836.png,VFLPO
captcha_20260718063040.png,VXXJL
captcha_20260718071042.png,FVRWW
captcha_20260718071237.png,VWLJM
captcha_20260718071437.png,CLQBH
captcha_20260718071632.png,VLVXW
captcha_20260718071831.png,LIJVN
captcha_20260718072231.png,HFLML
captcha_20260718072441.png,PCMLZ
captcha_20260718072631.png,PHLCG
captcha_20260718072831.png,PLWCP
captcha_20260718073039.png,NWDIH
captcha_20260718073832.png,SFMCD
captcha_20260718075833.png,MCXYL
captcha_20260718081034.png,DDGCE
captcha_20260718082038.png,WLFDS
captcha_20260718082236.png,CZKBY
captcha_20260718083429.png,QGQPN
captcha_20260718085035.png,FRCYI
captcha_20260718085830.png,FNGBB
captcha_20260718090037.png,LKNKU
captcha_20260718090834.png,VPISF
captcha_20260718091631.png,XZNTM
captcha_20260718091829.png,QIYVT
captcha_20260718092034.png,PEGDN
captcha_20260718092430.png,WIXQD
captcha_20260718092631.png,WIPYU
captcha_20260718092831.png,DLHTY
captcha_20260718093037.png,BUIWJ
captcha_20260718093233.png,VSXEF
captcha_20260718093428.png,FJQDW
captcha_20260718093628.png,SMSED
captcha_20260718093829.png,BCHIS
captcha_20260718094037.png,IHEUW
captcha_20260718094230.png,HUUWN
captcha_20260718094438.png,KSQTL
captcha_20260718094635.png,KXJTX
captcha_20260718094832.png,EWNGG
captcha_20260718095030.png,NBPND
captcha_20260718095235.png,WGFPI
captcha_20260718095430.png,MJULP
captcha_20260718095633.png,JSJJZ
captcha_20260718095835.png,USNMH
captcha_20260718100041.png,NXULI
captcha_20260718100233.png,RDLPW
captcha_20260718100437.png,QQIBP
captcha_20260718102236.png,KWWBM
captcha_20260718102433.png,DVZIH
captcha_20260718102634.png,KFXJY
captcha_20260718103232.png,SMCUI
captcha_20260718103433.png,IHSCJ
captcha_20260718104035.png,FMVPM
captcha_20260718110433.png,XKYQP
captcha_20260718110836.png,EXHIG
captcha_20260718111235.png,PKZZY
captcha_20260718111835.png,TYZRP
captcha_20260718112834.png,EJPZE
captcha_20260718114433.png,CEPLR
captcha_20260718114833.png,YFPJH
captcha_20260718115038.png,WIXXU
captcha_20260718115238.png,SRGKH
captcha_20260718115433.png,EWPLL
captcha_20260718115628.png,EBLVW
captcha_20260718115830.png,GCWCH
captcha_20260718120037.png,BPQGB
captcha_20260718120231.png,PVNPR
captcha_20260718120434.png,CUQNL
captcha_20260718120636.png,HVFBE
captcha_20260718120832.png,VMVLV
captcha_20260718121045.png,JWQUJ
captcha_20260718121233.png,WDYGH
captcha_20260718121434.png,DPRNT
captcha_20260718121632.png,NVNBN
captcha_20260718121837.png,IKJJX
captcha_20260718122037.png,KYJHN
captcha_20260718122832.png,BDIBN
captcha_20260718124639.png,KKIXT
captcha_20260718130227.png,XRHCY
captcha_20260718130641.png,UGHVH
captcha_20260718131043.png,XCTQS
captcha_20260718131231.png,DMGFN
captcha_20260718132047.png,RLHMG
captcha_20260718134235.png,LQSTF
captcha_20260718135635.png,WYDIW
captcha_20260718140633.png,DYWKE
captcha_20260718140831.png,PLUIZ
captcha_20260718141036.png,VTPGU
captcha_20260718161047.png,WYUCQ
captcha_20260718161831.png,FQCBR
captcha_20260718171632.png,VHSSX
captcha_20260718221831.png,YKTQZ
captcha_20260718231828.png,HGKYR
captcha_20260718233628.png,MEVQY
captcha_20260718234031.png,NPRUK
captcha_20260718235031.png,GCTJZ
captcha_20260719000035.png,RSIBH
captcha_20260719000229.png,VBNXT
captcha_20260719004229.png,YUMYZ
captcha_20260719010429.png,KSUDN
captcha_20260719012033.png,RVPSE
captcha_20260719013631.png,RJPXJ
captcha_20260719013830.png,CUTGQ
captcha_20260719014032.png,MUQRK
captcha_20260719014228.png,VCMUU
captcha_20260719022630.png,KIIZP
captcha_20260719022828.png,PGLTJ
captcha_20260719024628.png,XWGJE
captcha_20260719031034.png,ENBXR
captcha_20260719031235.png,DFDUD
captcha_20260719034434.png,SBBTR
captcha_20260719054630.png,IDGNI
captcha_20260719054834.png,ZCDBQ
captcha_20260719054835.png,TIVGY
captcha_20260719055037.png,PRVNM
captcha_20260719055040.png,FSNTJ
captcha_20260719055234.png,CXGLN
captcha_20260719055240.png,DTYTW
captcha_20260719055435.png,JDMUK
captcha_20260719055436.png,XJPGU
captcha_20260719060034.png,VHHPT
captcha_20260719060233.png,KJJZK
captcha_20260719060434.png,MUEXP
captcha_20260719060631.png,DSKXR
captcha_20260719061037.png,QFRTB
captcha_20260719061834.png,GMYDF
captcha_20260719062034.png,WXFGU
captcha_20260719062232.png,CCWWT
captcha_20260719062430.png,WQNRR
captcha_20260719062633.png,BYDLP
captcha_20260719062830.png,KICWQ
captcha_20260719063230.png,QNWMF
captcha_20260719064034.png,CXQCH
captcha_20260719064429.png,KSNKJ
captcha_20260719065629.png,YFJPU
captcha_20260719070238.png,DDJRT
captcha_20260719072631.png,SNWSB
captcha_20260719073233.png,YJZXU
captcha_20260719073431.png,PCBNH
captcha_20260719075428.png,TDGRC
captcha_20260719075629.png,DGRLS
captcha_20260719075834.png,FKZSW
captcha_20260719080034.png,XHZMZ
captcha_20260719080036.png,JJKKY
captcha_20260719080231.png,ZQXMZ
captcha_20260719080432.png,TBJSN
captcha_20260719080434.png,RCDBG
captcha_20260719080634.png,DPUHZ
captcha_20260719080636.png,WRJRK
captcha_20260719080830.png,WCHBI
captcha_20260719080833.png,ZZWJU
captcha_20260719081039.png,JEDKT
captcha_20260719081236.png,UBNZF
captcha_20260719081432.png,GGHSP
captcha_20260719081631.png,YMRVR
captcha_20260719082231.png,HZWKF
captcha_20260719082431.png,RRJYB
captcha_20260719090036.png,SNJDS
captcha_20260719090833.png,BNCMI
captcha_20260719093631.png,ZIWQS
captcha_20260719094231.png,KXVCC
captcha_20260719094631.png,PYENK
captcha_20260719095430.png,FFVDF
captcha_20260719095829.png,EUSVD
captcha_20260719100038.png,WYPSX
captcha_20260719100235.png,UTQHR
captcha_20260719100433.png,TYZHY
captcha_20260719100637.png,MCNHJ
captcha_20260719101428.png,LDGMF
captcha_20260719101630.png,JWYYX
captcha_20260719101832.png,QIFYQ
captcha_20260719105232.png,MCXFQ
captcha_20260719110043.png,SQRNR
captcha_20260719111434.png,VVKVK
captcha_20260719111628.png,MBNNR
captcha_20260719113831.png,NCUHQ
captcha_20260719115228.png,VYKBS
captcha_20260719120033.png,LGNWH
captcha_20260719120230.png,DCKVQ
captcha_20260719120431.png,CCWKS
captcha_20260719120631.png,NGYMR
captcha_20260719120834.png,GUWVU
captcha_20260719121232.png,WMDWG
captcha_20260719121833.png,WPTMT
captcha_20260719122036.png,LYVKS
captcha_20260719123631.png,KKNNW
captcha_20260719124034.png,CEYWV
captcha_20260719130631.png,VWHKK
captcha_20260719130830.png,DEJXY
captcha_20260719131032.png,NZTHJ
captcha_20260719132034.png,QWYQG
captcha_20260719133034.png,IFDEM
captcha_20260719134034.png,HBNZM
captcha_20260719140229.png,USITC
captcha_20260719140433.png,TGHHB
captcha_20260719140633.png,UTTQE
captcha_20260719140831.png,YBTYY
captcha_20260719141038.png,BJLEZ
captcha_20260719141232.png,MVNJR
captcha_20260719141631.png,SVBMG
captcha_20260719143034.png,MLMBH
captcha_20260719143431.png,RXZQI
captcha_20260719143830.png,EFUEM
captcha_20260719145829.png,EVBUH
captcha_20260719150037.png,VKFZW
captcha_20260719150831.png,EKLJW
captcha_20260719151632.png,DSUUU
captcha_20260719152632.png,KDYBH
captcha_20260719161037.png,PRKRK
captcha_20260719161234.png,WDJUR
captcha_20260719161434.png,SZRYN
captcha_20260719161638.png,YEDGS
captcha_20260719161839.png,TNMXD
captcha_20260719162103.png,CBVUX
captcha_20260719162253.png,GVLBR
captcha_20260719162449.png,GHCBF
captcha_20260719162642.png,BTQNX
captcha_20260719162837.png,EVBPT
captcha_20260719163044.png,TXVTZ
captcha_20260719163236.png,LYCVH
captcha_20260719163442.png,JETUF
captcha_20260719163631.png,LBZLT
captcha_20260719163832.png,GBTNW
captcha_20260719164038.png,DBETV
captcha_20260719164239.png,DIYXZ
captcha_20260719164429.png,IBXGK
captcha_20260719164633.png,EPXNZ
captcha_20260719164829.png,WXFWF
captcha_20260719165042.png,RUVXJ
captcha_20260719165233.png,YBXFC
captcha_20260719165433.png,GNFCF
captcha_20260719165629.png,IKZLF
captcha_20260719165843.png,TXRYW
captcha_20260719170034.png,DRXQM
captcha_20260719170241.png,WMGXY
captcha_20260719170432.png,JKKLQ
captcha_20260719181633.png,FUQQU
captcha_20260719182033.png,HSLQD
captcha_20260719182235.png,ZPUWR
captcha_20260719182432.png,ZTTZG
captcha_20260719182633.png,FPGTF
captcha_20260719182833.png,IDXHG
captcha_20260719182835.png,PWUBL
captcha_20260719183038.png,FCHXB
captcha_20260719183232.png,RYFVI
captcha_20260719183435.png,SKJUZ
captcha_20260719183637.png,NHBMU
captcha_20260719183840.png,QWIER
captcha_20260719184037.png,BWFYY
captcha_20260719184234.png,GXKKV
captcha_20260719184433.png,MDZZL
captcha_20260719184634.png,QLPLM
captcha_20260719184830.png,MSFKP
captcha_20260719185034.png,QDTEY
captcha_20260719185233.png,JWGKB
captcha_20260719185432.png,HEKST
captcha_20260719185633.png,REEVD
captcha_20260719185833.png,PKECD
captcha_20260719190037.png,ZHWGM
captcha_20260719190230.png,HBJRY
captcha_20260719190431.png,YGMJM
captcha_20260719190633.png,HFLCW
captcha_20260719190831.png,DBQWF
captcha_20260719191036.png,WRKFP
captcha_20260719191233.png,PQNQY
captcha_20260719191429.png,LVZLY
captcha_20260719191634.png,KJTND
captcha_20260719191835.png,RYCFP
captcha_20260719192039.png,LCDHK
captcha_20260719192233.png,EXDNM
captcha_20260719203836.png,KNNDK
captcha_20260719204034.png,YYMEK
captcha_20260719204230.png,HZWPW
captcha_20260719204232.png,PUMRB
captcha_20260719204433.png,ENIWQ
captcha_20260719204829.png,YJXKI
captcha_20260719205038.png,CWJCL
captcha_20260719205238.png,WIWRI
captcha_20260719205634.png,EHMRL
captcha_20260719205833.png,TUJCM
captcha_20260719210036.png,NQGHR
captcha_20260719210230.png,VUBWO
captcha_20260719210430.png,MSQSB
captcha_20260719210634.png,DBWQM
captcha_20260719210831.png,LJYYN
captcha_20260719211232.png,MYKFE
captcha_20260719211439.png,RTYVS
captcha_20260719211631.png,ZSBYS
captcha_20260719211833.png,TTCDV
captcha_20260719212035.png,DQVYV
captcha_20260719212233.png,ZKKID
captcha_20260719212435.png,XHDGH
captcha_20260719212631.png,TEICZ
captcha_20260719212831.png,PNBWU
captcha_20260719224036.png,UNPBZ
captcha_20260719224037.png,TUTXI
captcha_20260719224232.png,YLSCJ
captcha_20260719224430.png,CVCYQ
captcha_20260719224434.png,LQMRR
captcha_20260719224639.png,XQGBZ
captcha_20260719224837.png,FQTZF
captcha_20260719225041.png,FSJLX
captcha_20260719225229.png,CFDJP
captcha_20260719225432.png,DINUN
captcha_20260719230233.png,VDIHB
captcha_20260719231429.png,XTXWG
captcha_20260719232438.png,XYQDB
captcha_20260720012632.png,NRJJE
captcha_20260720012832.png,DQUST
captcha_20260720012834.png,GICVE
captcha_20260720013040.png,JUHIM
captcha_20260720013041.png,VEMCG
captcha_20260720013236.png,TEZGL
captcha_20260720013239.png,FQNVK
captcha_20260720013438.png,SLJFY
captcha_20260720013635.png,IRBEQ
captcha_20260720013646.png,WDQKK
captcha_20260720013831.png,UZMRK
captcha_20260720013832.png,WKICX
captcha_20260720014034.png,MWXBB
captcha_20260720014233.png,WDXUN
captcha_20260720020633.png,QCWQF
captcha_20260720024035.png,YGXWX
captcha_20260720024230.png,HVEHN
captcha_20260720024431.png,CXLPP
captcha_20260720025831.png,PUUIB
captcha_20260720032235.png,UFZWW
captcha_20260720032641.png,ZCNSF
captcha_20260720032840.png,LVRYJ
captcha_20260720033059.png,IYLXS
captcha_20260720033251.png,WGYJR
captcha_20260720033441.png,RNQZC
captcha_20260720033643.png,PSBSY
captcha_20260720033848.png,NXFJT
captcha_20260720034052.png,MHPIT
captcha_20260720034837.png,UFDNC
captcha_20260720035558.png,MZNLX
captcha_20260720035559.png,DSKCN
captcha_20260720035600.png,EDVCS
captcha_20260720035607.png,TDTTM
captcha_20260720035733.png,BUCYZ
captcha_20260720035734.png,HUFWC
captcha_20260720035927.png,ISJNC
captcha_20260720041235.png,HBWIF
captcha_20260720041433.png,TNXZI
captcha_20260720041631.png,DZIDY
captcha_20260720042444.png,SQYBV
captcha_20260720053035.png,HXNLY
captcha_20260720053231.png,JFSLL
captcha_20260720053232.png,WSXZN
captcha_20260720053431.png,UXIJF
captcha_20260720053629.png,VRJED
captcha_20260720053833.png,ENCHU
captcha_20260720054033.png,KQLHT
captcha_20260720054231.png,BCQVB
captcha_20260720054432.png,IJDRJ
captcha_20260720054439.png,ZHEUB
captcha_20260720054634.png,DHJVT
captcha_20260720054833.png,FVZYK
captcha_20260720055036.png,TULGS
captcha_20260720055037.png,QJEMU
captcha_20260720061635.png,HDPYM
captcha_20260720061830.png,BPUQK
captcha_20260720062035.png,XSZQL
captcha_20260720062233.png,PNYGS
captcha_20260720062434.png,QWQRS
captcha_20260720062631.png,QRTWH
captcha_20260720062834.png,BIBMV
captcha_20260720063037.png,HDCGZ
captcha_20260720063231.png,DDPIW
captcha_20260720063432.png,UQTBJ
captcha_20260720063639.png,EILNX
captcha_20260720063840.png,ULXCD
captcha_20260720064039.png,BUTDJ
captcha_20260720064235.png,CGNZZ
captcha_20260720064444.png,CYQZT
captcha_20260720064636.png,BPTCU
captcha_20260720064838.png,DKZCU
captcha_20260720065035.png,JKTDC
captcha_20260720065233.png,NJXVS
captcha_20260720065435.png,DLQPR
captcha_20260720065632.png,IQHLH
captcha_20260720065832.png,BJSQM
captcha_20260720070231.png,IZLGY
captcha_20260720070631.png,JSUKV
captcha_20260720071633.png,NWNFK
captcha_20260720071835.png,QRGDJ
captcha_20260720092034.png,GBZJK
captcha_20260720092037.png,ILSIG
captcha_20260720092234.png,NPPTF
captcha_20260720092235.png,QXTQG
captcha_20260720092433.png,PNHUH
captcha_20260720092434.png,GTRUN
captcha_20260720092635.png,HQLUG
captcha_20260720092637.png,UVCMW
captcha_20260720092847.png,CLSWX
captcha_20260720092850.png,SQGYL
captcha_20260720094437.png,JCNQB
captcha_20260720095037.png,MBSTF
captcha_20260720095229.png,BWLRV
captcha_20260720100035.png,NMDQB
captcha_20260720100632.png,VUDNR
captcha_20260720101232.png,VRKGT
captcha_20260720101432.png,ZXKLH
captcha_20260720105231.png,XQDSG
captcha_20260720110036.png,JHDIZ
captcha_20260720112433.png,PITQD
captcha_20260720112632.png,TGPHO
captcha_20260720112831.png,TGWBX
captcha_20260720112832.png,UPGWO
captcha_20260720113037.png,FSMCR
captcha_20260720113038.png,VMUWQ
captcha_20260720113237.png,XGRGM
captcha_20260720113240.png,BEFQL
captcha_20260720113642.png,CGJZL
captcha_20260720113643.png,DNHYM
captcha_20260720113838.png,BHLQT
captcha_20260720113840.png,ZIFPE
captcha_20260720114634.png,CNPYH
captcha_20260720115433.png,CXJKP
captcha_20260720123632.png,MBDXH
captcha_20260720124230.png,TQTRW
captcha_20260720124831.png,PSQVW
captcha_20260720125033.png,TTNWD
captcha_20260720130034.png,CYFXN
captcha_20260720132632.png,EUNEF
captcha_20260720132831.png,MHWJK
captcha_20260720133036.png,HYWNY
captcha_20260720133235.png,EPEGM
captcha_20260720133236.png,NLEBU
captcha_20260720133435.png,YVGSH
captcha_20260720133436.png,QZLUM
captcha_20260720133642.png,ERKMR
captcha_20260720133648.png,ELGRG
captcha_20260720133836.png,CRIBY
captcha_20260720133842.png,JPSHB
captcha_20260720134043.png,HIHSV
captcha_20260720134044.png,BCUEE
captcha_20260720134232.png,RILRZ
captcha_20260720134237.png,IMXLL
captcha_20260720134443.png,LYEMZ
captcha_20260720134447.png,JIRPL
captcha_20260720134631.png,XWXPJ
captcha_20260720134835.png,HXSFV
captcha_20260720134844.png,HCNYN
captcha_20260720135035.png,ERCQK
captcha_20260720135235.png,VDHBZ
captcha_20260720135432.png,MXQJE
captcha_20260720135832.png,GYLQD
captcha_20260720141238.png,TCMEK
captcha_20260720141831.png,VZBLS
captcha_20260720142643.png,WVNXP
captcha_20260720144033.png,DKLTM
captcha_20260720144230.png,JGECD
captcha_20260720150643.png,JCZMS
captcha_20260720160920.png,BXSXP
captcha_20260720162251.png,PNCDL
captcha_20260720165832.png,MYKIN
captcha_20260720175630.png,UFMGE
captcha_20260720215229.png,DKIBZ
captcha_20260720215428.png,KPVLB
captcha_20260720230033.png,BFKEC
captcha_20260720230227.png,SCQBX
captcha_20260720235033.png,JMJQP
captcha_20260721000830.png,RRITC
captcha_20260721003230.png,LPJCE
captcha_20260721012034.png,MWMEN
captcha_20260721013429.png,VUQTS
captcha_20260721020832.png,ERQLR
captcha_20260721021833.png,XTXTN
captcha_20260721022839.png,GRRNR
captcha_20260721023040.png,ZCFUB
captcha_20260721023831.png,KWQRS
captcha_20260721024033.png,FYWBQ
captcha_20260721024229.png,QHNTF
captcha_20260721024437.png,IHMRZ
captcha_20260721024631.png,UIYYW
captcha_20260721024831.png,PSPEX
captcha_20260721025035.png,GLJNC
captcha_20260721025229.png,CUQCL
captcha_20260721025443.png,QJCEK
captcha_20260721025637.png,RRULB
captcha_20260721025832.png,BWCKG
captcha_20260721030041.png,PRTLQ
captcha_20260721050232.png,PWCND
captcha_20260721050432.png,BPQYI
captcha_20260721050633.png,WWGWK
captcha_20260721050834.png,CVSLZ
captcha_20260721050836.png,EMQYY
captcha_20260721051039.png,IMWZQ
captcha_20260721051041.png,WZMBK
captcha_20260721051238.png,HYQEQ
captcha_20260721051240.png,HRVXI
captcha_20260721051435.png,XZLPR
captcha_20260721051439.png,IFQXR
captcha_20260721051634.png,NQLRI
captcha_20260721051637.png,ECXQX
captcha_20260721051841.png,SLESM
captcha_20260721052036.png,TNSRP
captcha_20260721052235.png,EFZMD
captcha_20260721052434.png,IQLEI
captcha_20260721052631.png,JTWWU
captcha_20260721052837.png,ZWFKJ
captcha_20260721053040.png,UCUBB
captcha_20260721053233.png,SJMCL
captcha_20260721053435.png,DLPCF
captcha_20260721053633.png,PNNPE
captcha_20260721053837.png,TNBSW
captcha_20260721054040.png,NYTJC
captcha_20260721061839.png,XLLET
captcha_20260721062036.png,KENJV
captcha_20260721062235.png,LCZCY
captcha_20260721062443.png,CGVNQ
captcha_20260721062637.png,BFWMP
captcha_20260721062834.png,QHGRK
captcha_20260721063039.png,RRHGU
captcha_20260721064233.png,TJHYY
captcha_20260721064433.png,FFJKV
captcha_20260721064636.png,QILDX
captcha_20260721064832.png,MSNIW
captcha_20260721065231.png,WTYQG
captcha_20260721070431.png,KGYHE
captcha_20260721070636.png,FVWTJ
captcha_20260721070836.png,JVRFM
captcha_20260721071034.png,TBSJF
captcha_20260721071037.png,PPCCX
captcha_20260721071240.png,YBJQY
captcha_20260721071241.png,EFGFH
captcha_20260721071434.png,LNSQM
captcha_20260721071435.png,JVCVR
captcha_20260721071637.png,RXXZT
captcha_20260721071638.png,DSRNF
captcha_20260721071847.png,TBRTF
captcha_20260721071848.png,GLHDM
captcha_20260721072047.png,YRBEN
captcha_20260721072048.png,ITLUP
captcha_20260721072237.png,PRWED
captcha_20260721072238.png,JMXMD
captcha_20260721072439.png,VQRKQ
captcha_20260721072441.png,NTXCU
captcha_20260721072639.png,RGPLC
captcha_20260721072651.png,KJXVX
captcha_20260721072851.png,WVXYZ
captcha_20260721072854.png,UNRGJ
captcha_20260721073127.png,IJFYW
captcha_20260721073128.png,NEKJF
captcha_20260721073301.png,LWNQS
captcha_20260721073313.png,VBSNE
captcha_20260721073501.png,MMFSZ
captcha_20260721073648.png,MTKVE
captcha_20260721073841.png,QDQWZ
captcha_20260721074040.png,ZFIGR
captcha_20260721074246.png,PRFKT
captcha_20260721074432.png,SDHQL
captcha_20260721074635.png,BYLHX
captcha_20260721075233.png,YXDMV
captcha_20260721075629.png,NLIXR
captcha_20260721080432.png,NJBUF
captcha_20260721082431.png,WZGQN
captcha_20260721083250.png,HFPQH
captcha_20260721083441.png,YLKEB
captcha_20260721083831.png,GESPP
captcha_20260721084035.png,GDYZD
captcha_20260721084429.png,XHGEB
captcha_20260721084830.png,HISGE
captcha_20260721090431.png,SKSIK
captcha_20260721090832.png,KFCBP
captcha_20260721091034.png,QQVNP
captcha_20260721091231.png,NVNGI
captcha_20260721091432.png,UJWYC
captcha_20260721091632.png,WKHBV
captcha_20260721091832.png,QZKNU
captcha_20260721092033.png,GYYPU
captcha_20260721092232.png,UXNBZ
captcha_20260721092429.png,DVCDF
captcha_20260721092632.png,SBTUQ
captcha_20260721093832.png,MIHZG
captcha_20260721095232.png,LVIWP
captcha_20260721095831.png,KTYIH
captcha_20260721100832.png,SVIGQ
captcha_20260721101035.png,NNBXP
captcha_20260721101431.png,WIFFJ
captcha_20260721101631.png,UBPQS
captcha_20260721102830.png,EQULY
captcha_20260721103634.png,NQFTD
captcha_20260721103831.png,GGICJ
captcha_20260721104033.png,CIXDG
captcha_20260721104227.png,TUWDU
captcha_20260721104432.png,VPWHP
captcha_20260721104631.png,NTITV
captcha_20260721104834.png,QXNVW
captcha_20260721125039.png,UGCVP
captcha_20260721125041.png,HVHWB
captcha_20260721125233.png,MMBCP
captcha_20260721125237.png,KSWES
captcha_20260721125435.png,DHHXT
captcha_20260721125441.png,MRLRE
captcha_20260721130434.png,YIHQK
captcha_20260721130633.png,SIBWP
captcha_20260721130834.png,RWNDU
captcha_20260721131035.png,MEMUC
captcha_20260721131230.png,WIWYT
captcha_20260721131434.png,EHEDB
captcha_20260721151635.png,QCIQC
captcha_20260721151636.png,DNSXS
captcha_20260721151843.png,IQTLP
captcha_20260721152041.png,JCXUK
captcha_20260721152042.png,UIDIH
captcha_20260721152241.png,GCMFY
captcha_20260721152243.png,QQUCE
captcha_20260721152449.png,VLVED
captcha_20260721152457.png,HCEVW
captcha_20260721152649.png,MILIW
captcha_20260721152653.png,RPRDT
captcha_20260721152903.png,EGEQD
captcha_20260721153130.png,TULCE
captcha_20260721153253.png,VIUVP
captcha_20260721153449.png,WPXCR
captcha_20260721153650.png,KVJVM
captcha_20260721153856.png,DYDWY
captcha_20260721153857.png,TYGVH
captcha_20260721154043.png,MZIZS
captcha_20260721154647.png,DWWQI
captcha_20260721163728.png,LEXSS
captcha_20260721163920.png,BIGYJ
captcha_20260721164055.png,VFMLG
captcha_20260721171648.png,IKWDE
captcha_20260721171850.png,SSSYN
captcha_20260721172104.png,PXRUR
captcha_20260721172305.png,IIMRI
captcha_20260721172500.png,HZRTK
captcha_20260721173059.png,TXUDN
captcha_20260721174130.png,SLGVI
captcha_20260721174337.png,HQGHG
captcha_20260721174534.png,HWSQY
captcha_20260721175051.png,XNHNT
captcha_20260721190039.png,CXYXZ
captcha_20260721190632.png,XKUYV
captcha_20260721191633.png,VTILO
captcha_20260721191831.png,KBEWX
captcha_20260721192033.png,YLYKE
captcha_20260721192233.png,PCMHK
captcha_20260721192438.png,WLZXE
captcha_20260721192635.png,YUCUF
captcha_20260721192834.png,HUETV
captcha_20260721193037.png,FQRDP
captcha_20260721193236.png,XBSJY
captcha_20260721193438.png,TSTKI
captcha_20260721193635.png,DQDWR
captcha_20260721193833.png,YUXSL
captcha_20260721194038.png,GQSMX
captcha_20260721194232.png,YEHGX
captcha_20260721194432.png,BBUKJ
captcha_20260721194631.png,VGIHI
captcha_20260721194836.png,XBNKT
captcha_20260721195033.png,URLXN
captcha_20260721195232.png,IHSNM
captcha_20260721201234.png,RDIFJ
captcha_20260721201433.png,BRCME
captcha_20260721212036.png,RRCKJ
captcha_20260721212233.png,HCHXG
captcha_20260721212433.png,PISUP
captcha_20260721212635.png,WJVUT
captcha_20260721212836.png,CHXHI
captcha_20260721213036.png,JVWPE
